ID,FaceID,FirstRating,GroupRating,SecondRating,Feedback,Change,Condition
1,10,7,4,5,-3,-2,Pre
1,11,5,2,6,-3,1,Pre
1,12,5,7,6,2,1,Pre
1,13,5,7,5,2,0,Pre
1,14,4,2,5,-2,1,Pre
1,15,5,5,5,0,0,Pre
1,16,5,2,5,-3,0,Pre
1,17,5,8,5,3,0,Pre
1,18,6,4,4,-2,-2,Pre
1,19,6,6,6,0,0,Pre
1,2,5,5,6,0,1,Pre
1,20,7,0,6,NA,-1,Pre
1,21,4,1,4,-3,0,Pre
1,22,3,5,4,2,1,Pre
1,23,6,3,5,-3,-1,Pre
1,24,4,2,5,-2,1,Pre
1,25,5,7,5,2,0,Pre
1,26,5,3,6,-2,1,Pre
1,27,5,2,5,-3,0,Pre
1,28,5,8,5,3,0,Pre
1,29,7,4,6,-3,-1,Pre
1,3,5,7,5,2,0,Pre
1,30,6,3,5,-3,-1,Pre
1,31,7,0,6,NA,-1,Pre
1,32,5,2,6,-3,1,Pre
1,33,5,3,5,-2,0,Pre
1,34,5,5,5,0,0,Pre
1,35,5,3,6,-2,1,Pre
1,36,6,4,5,-2,-1,Pre
1,37,6,8,5,2,-1,Pre
1,38,7,4,6,-3,-1,Pre
1,39,3,5,3,2,0,Pre
1,4,5,8,5,3,0,Pre
1,40,5,8,6,3,1,Pre
1,41,6,8,4,2,-2,Pre
1,42,6,4,5,-2,-1,Pre
1,43,5,5,5,0,0,Pre
1,44,4,6,6,2,2,Pre
1,45,6,4,6,-2,0,Pre
1,46,6,4,6,-2,0,Pre
1,47,5,7,5,2,0,Pre
1,48,3,6,5,3,2,Pre
1,49,3,3,5,0,2,Pre
1,5,6,4,5,-2,-1,Pre
1,50,5,0,6,NA,1,Pre
1,51,5,0,4,NA,-1,Pre
1,52,5,3,5,-2,0,Pre
1,53,5,0,5,NA,0,Pre
1,54,6,8,6,2,0,Pre
1,55,8,8,6,0,-2,Pre
1,56,8,0,5,NA,-3,Pre
1,57,5,8,6,3,1,Pre
1,58,6,0,6,NA,0,Pre
1,59,7,4,5,-3,-2,Pre
1,6,5,8,5,3,0,Pre
1,60,3,1,5,-2,2,Pre
1,61,4,1,5,-3,1,Pre
1,62,4,6,5,2,1,Pre
1,63,4,2,4,-2,0,Pre
1,64,6,0,5,NA,-1,Pre
1,65,4,7,5,3,1,Pre
1,66,4,2,4,-2,0,Pre
1,67,6,8,6,2,0,Pre
1,68,5,7,5,2,0,Pre
1,69,5,2,6,-3,1,Pre
1,7,2,4,4,2,2,Pre
1,70,4,6,6,2,2,Pre
1,71,6,3,5,-3,-1,Pre
1,72,4,2,6,-2,2,Pre
1,73,4,6,4,2,0,Pre
1,74,5,5,6,0,1,Pre
1,75,5,8,6,3,1,Pre
1,76,4,1,4,-3,0,Pre
1,77,3,0,3,NA,0,Pre
1,78,4,2,4,-2,0,Pre
1,79,6,6,5,0,-1,Pre
1,8,4,1,5,-3,1,Pre
1,80,4,7,4,3,0,Pre
1,81,4,4,5,0,1,Pre
1,9,5,0,6,NA,1,Pre
10,10,3,0,3,NA,0,Pre
10,11,5,2,5,-3,0,Pre
10,12,3,3,3,0,0,Pre
10,13,2,4,2,2,0,Pre
10,14,4,2,3,-2,-1,Pre
10,15,3,6,4,3,1,Pre
10,16,2,5,2,3,0,Pre
10,17,4,1,3,-3,-1,Pre
10,18,5,5,6,0,1,Pre
10,19,3,5,3,2,0,Pre
10,2,7,4,4,-3,-3,Pre
10,20,6,4,6,-2,0,Pre
10,21,2,4,3,2,1,Pre
10,22,3,3,3,0,0,Pre
10,23,6,0,4,NA,-2,Pre
10,24,3,1,6,-2,3,Pre
10,25,6,6,4,0,-2,Pre
10,26,4,6,5,2,1,Pre
10,27,4,6,3,2,-1,Pre
10,28,3,5,4,2,1,Pre
10,29,6,0,7,NA,1,Pre
10,3,1,3,2,2,1,Pre
10,30,4,4,4,0,0,Pre
10,31,2,2,4,0,2,Pre
10,32,7,0,5,NA,-2,Pre
10,33,3,5,3,2,0,Pre
10,34,6,0,3,NA,-3,Pre
10,35,6,3,6,-3,0,Pre
10,36,2,5,2,3,0,Pre
10,37,4,4,4,0,0,Pre
10,38,3,1,3,-2,0,Pre
10,39,2,0,2,NA,0,Pre
10,4,4,2,3,-2,-1,Pre
10,40,3,3,5,0,2,Pre
10,41,6,4,5,-2,-1,Pre
10,42,5,5,4,0,-1,Pre
10,43,4,4,6,0,2,Pre
10,44,2,4,2,2,0,Pre
10,45,7,7,7,0,0,Pre
10,46,4,6,4,2,0,Pre
10,47,6,3,6,-3,0,Pre
10,48,6,4,6,-2,0,Pre
10,49,2,4,2,2,0,Pre
10,5,5,3,4,-2,-1,Pre
10,50,4,1,4,-3,0,Pre
10,51,4,4,3,0,-1,Pre
10,52,6,4,4,-2,-2,Pre
10,53,5,3,4,-2,-1,Pre
10,54,2,4,4,2,2,Pre
10,55,6,0,5,NA,-1,Pre
10,56,6,6,5,0,-1,Pre
10,57,5,8,5,3,0,Pre
10,58,3,1,3,-2,0,Pre
10,59,6,8,5,2,-1,Pre
10,6,3,1,3,-2,0,Pre
10,60,3,3,2,0,-1,Pre
10,61,4,0,5,NA,1,Pre
10,62,1,4,1,3,0,Pre
10,63,4,1,4,-3,0,Pre
10,64,3,6,4,3,1,Pre
10,65,3,3,4,0,1,Pre
10,66,5,2,5,-3,0,Pre
10,67,6,8,6,2,0,Pre
10,68,3,3,5,0,2,Pre
10,69,6,8,3,2,-3,Pre
10,7,3,5,4,2,1,Pre
10,70,3,5,3,2,0,Pre
10,71,7,5,7,-2,0,Pre
10,72,6,8,5,2,-1,Pre
10,73,1,4,1,3,0,Pre
10,74,5,3,3,-2,-2,Pre
10,75,6,8,6,2,0,Pre
10,76,4,0,7,NA,3,Pre
10,77,4,4,4,0,0,Pre
10,78,3,0,3,NA,0,Pre
10,79,6,6,5,0,-1,Pre
10,8,3,3,4,0,1,Pre
10,80,3,6,3,3,0,Pre
10,81,3,1,3,-2,0,Pre
10,9,2,2,3,0,1,Pre
11,10,3,6,6,3,3,Pre
11,11,4,0,4,NA,0,Pre
11,12,4,6,6,2,2,Pre
11,13,3,5,3,2,0,Pre
11,14,2,5,2,3,0,Pre
11,15,3,5,3,2,0,Pre
11,16,4,6,4,2,0,Pre
11,17,3,3,3,0,0,Pre
11,18,6,6,8,0,2,Pre
11,19,6,8,3,2,-3,Pre
11,2,4,6,4,2,0,Pre
11,20,7,4,6,-3,-1,Pre
11,21,1,4,1,3,0,Pre
11,22,1,1,2,0,1,Pre
11,23,5,0,6,NA,1,Pre
11,24,3,3,6,0,3,Pre
11,25,4,4,4,0,0,Pre
11,26,6,0,8,NA,2,Pre
11,27,2,4,1,2,-1,Pre
11,28,7,7,4,0,-3,Pre
11,29,6,8,7,2,1,Pre
11,3,5,3,4,-2,-1,Pre
11,30,4,4,5,0,1,Pre
11,31,6,6,6,0,0,Pre
11,32,4,7,4,3,0,Pre
11,33,3,5,2,2,-1,Pre
11,34,3,0,4,NA,1,Pre
11,35,7,4,5,-3,-2,Pre
11,36,1,4,2,3,1,Pre
11,37,5,0,4,NA,-1,Pre
11,38,1,1,1,0,0,Pre
11,39,5,5,4,0,-1,Pre
11,4,5,2,6,-3,1,Pre
11,40,1,1,2,0,1,Pre
11,41,6,0,4,NA,-2,Pre
11,42,2,2,4,0,2,Pre
11,43,3,6,4,3,1,Pre
11,44,6,8,3,2,-3,Pre
11,45,4,0,5,NA,1,Pre
11,46,4,4,7,0,3,Pre
11,47,6,6,7,0,1,Pre
11,48,3,5,2,2,-1,Pre
11,49,4,6,2,2,-2,Pre
11,5,3,1,3,-2,0,Pre
11,50,4,0,4,NA,0,Pre
11,51,4,2,1,-2,-3,Pre
11,52,2,4,2,2,0,Pre
11,53,6,6,6,0,0,Pre
11,54,4,4,7,0,3,Pre
11,55,4,1,4,-3,0,Pre
11,56,8,5,8,-3,0,Pre
11,57,4,2,3,-2,-1,Pre
11,58,2,2,2,0,0,Pre
11,59,5,3,4,-2,-1,Pre
11,6,1,3,2,2,1,Pre
11,60,4,7,4,3,0,Pre
11,61,6,6,6,0,0,Pre
11,62,2,2,1,0,-1,Pre
11,63,5,8,7,3,2,Pre
11,64,2,2,5,0,3,Pre
11,65,3,3,5,0,2,Pre
11,66,2,5,5,3,3,Pre
11,67,7,4,6,-3,-1,Pre
11,68,2,4,3,2,1,Pre
11,69,5,7,5,2,0,Pre
11,7,4,0,2,NA,-2,Pre
11,70,4,7,7,3,3,Pre
11,71,4,4,8,0,4,Pre
11,72,2,2,2,0,0,Pre
11,73,5,3,3,-2,-2,Pre
11,74,7,4,7,-3,0,Pre
11,75,6,0,5,NA,-1,Pre
11,76,4,4,6,0,2,Pre
11,77,6,8,6,2,0,Pre
11,78,2,5,3,3,1,Pre
11,79,4,7,5,3,1,Pre
11,8,4,2,7,-2,3,Pre
11,80,6,6,6,0,0,Pre
11,81,4,6,3,2,-1,Pre
11,9,4,4,2,0,-2,Pre
12,10,6,6,7,0,1,Pre
12,11,3,1,4,-2,1,Pre
12,12,4,0,3,NA,-1,Pre
12,13,1,3,2,2,1,Pre
12,14,4,1,3,-3,-1,Pre
12,15,4,2,4,-2,0,Pre
12,16,1,4,2,3,1,Pre
12,17,5,2,3,-3,-2,Pre
12,18,3,5,7,2,4,Pre
12,19,8,8,7,0,-1,Pre
12,2,6,8,5,2,-1,Pre
12,20,7,5,8,-2,1,Pre
12,21,2,4,2,2,0,Pre
12,22,1,4,1,3,0,Pre
12,23,6,0,5,NA,-1,Pre
12,24,6,4,7,-2,1,Pre
12,25,8,8,7,0,-1,Pre
12,26,8,5,8,-3,0,Pre
12,27,2,4,3,2,1,Pre
12,28,6,6,7,0,1,Pre
12,29,8,5,8,-3,0,Pre
12,3,6,4,6,-2,0,Pre
12,30,5,8,5,3,0,Pre
12,31,3,6,1,3,-2,Pre
12,32,5,2,5,-3,0,Pre
12,33,2,0,3,NA,1,Pre
12,34,3,5,3,2,0,Pre
12,35,8,8,8,0,0,Pre
12,36,3,3,3,0,0,Pre
12,37,6,3,6,-3,0,Pre
12,38,1,4,2,3,1,Pre
12,39,8,5,6,-3,-2,Pre
12,4,6,6,4,0,-2,Pre
12,40,5,8,7,3,2,Pre
12,41,5,5,7,0,2,Pre
12,42,2,0,3,NA,1,Pre
12,43,2,2,6,0,4,Pre
12,44,4,4,2,0,-2,Pre
12,45,6,3,5,-3,-1,Pre
12,46,7,4,5,-3,-2,Pre
12,47,8,0,8,NA,0,Pre
12,48,5,0,3,NA,-2,Pre
12,49,1,4,2,3,1,Pre
12,5,6,3,5,-3,-1,Pre
12,50,5,3,7,-2,2,Pre
12,51,6,8,1,2,-5,Pre
12,52,5,3,5,-2,0,Pre
12,53,5,7,4,2,-1,Pre
12,54,2,4,1,2,-1,Pre
12,55,1,3,1,2,0,Pre
12,56,8,5,8,-3,0,Pre
12,57,1,4,1,3,0,Pre
12,58,4,7,5,3,1,Pre
12,59,7,4,8,-3,1,Pre
12,6,3,0,3,NA,0,Pre
12,60,2,4,2,2,0,Pre
12,61,4,7,4,3,0,Pre
12,62,1,3,1,2,0,Pre
12,63,5,5,6,0,1,Pre
12,64,2,0,4,NA,2,Pre
12,65,7,4,8,-3,1,Pre
12,66,6,6,4,0,-2,Pre
12,67,7,7,8,0,1,Pre
12,68,2,2,3,0,1,Pre
12,69,6,8,7,2,1,Pre
12,7,4,6,4,2,0,Pre
12,70,7,5,6,-2,-1,Pre
12,71,7,4,8,-3,1,Pre
12,72,3,6,4,3,1,Pre
12,73,3,0,3,NA,0,Pre
12,74,8,5,7,-3,-1,Pre
12,75,5,8,6,3,1,Pre
12,76,8,5,8,-3,0,Pre
12,77,6,4,4,-2,-2,Pre
12,78,1,4,1,3,0,Pre
12,79,8,8,8,0,0,Pre
12,8,7,0,6,NA,-1,Pre
12,80,5,2,8,-3,3,Pre
12,81,2,4,2,2,0,Pre
12,9,2,5,3,3,1,Pre
13,10,6,4,4,-2,-2,Pre
13,11,6,6,7,0,1,Pre
13,12,5,8,6,3,1,Pre
13,13,3,0,3,NA,0,Pre
13,14,3,6,3,3,0,Pre
13,15,3,3,4,0,1,Pre
13,16,6,0,5,NA,-1,Pre
13,17,6,6,7,0,1,Pre
13,18,6,0,6,NA,0,Pre
13,19,7,7,6,0,-1,Pre
13,2,5,5,3,0,-2,Pre
13,20,6,4,7,-2,1,Pre
13,21,4,6,3,2,-1,Pre
13,22,3,6,4,3,1,Pre
13,23,5,7,6,2,1,Pre
13,24,6,3,5,-3,-1,Pre
13,25,5,0,4,NA,-1,Pre
13,26,8,6,8,-2,0,Pre
13,27,7,7,5,0,-2,Pre
13,28,5,8,5,3,0,Pre
13,29,7,5,6,-2,-1,Pre
13,3,4,0,5,NA,1,Pre
13,30,4,1,2,-3,-2,Pre
13,31,7,4,7,-3,0,Pre
13,32,5,0,5,NA,0,Pre
13,33,3,5,4,2,1,Pre
13,34,6,6,5,0,-1,Pre
13,35,5,2,4,-3,-1,Pre
13,36,2,5,3,3,1,Pre
13,37,8,5,8,-3,0,Pre
13,38,3,3,4,0,1,Pre
13,39,4,7,3,3,-1,Pre
13,4,6,8,7,2,1,Pre
13,40,5,5,5,0,0,Pre
13,41,4,7,4,3,0,Pre
13,42,3,1,2,-2,-1,Pre
13,43,5,7,5,2,0,Pre
13,44,5,3,4,-2,-1,Pre
13,45,5,7,6,2,1,Pre
13,46,6,4,6,-2,0,Pre
13,47,7,4,7,-3,0,Pre
13,48,5,3,5,-2,0,Pre
13,49,3,5,3,2,0,Pre
13,5,6,0,7,NA,1,Pre
13,50,7,5,7,-2,0,Pre
13,51,3,5,4,2,1,Pre
13,52,4,1,4,-3,0,Pre
13,53,6,8,7,2,1,Pre
13,54,4,6,3,2,-1,Pre
13,55,6,3,7,-3,1,Pre
13,56,7,4,7,-3,0,Pre
13,57,6,6,4,0,-2,Pre
13,58,4,2,4,-2,0,Pre
13,59,7,0,6,NA,-1,Pre
13,6,3,3,3,0,0,Pre
13,60,7,5,6,-2,-1,Pre
13,61,3,3,3,0,0,Pre
13,62,4,6,4,2,0,Pre
13,63,8,6,7,-2,-1,Pre
13,64,7,5,6,-2,-1,Pre
13,65,4,6,4,2,0,Pre
13,66,4,7,4,3,0,Pre
13,67,7,4,8,-3,1,Pre
13,68,7,7,7,0,0,Pre
13,69,6,3,6,-3,0,Pre
13,7,4,2,5,-2,1,Pre
13,70,4,6,4,2,0,Pre
13,71,7,7,7,0,0,Pre
13,72,5,0,5,NA,0,Pre
13,73,4,6,4,2,0,Pre
13,74,6,4,4,-2,-2,Pre
13,75,4,6,5,2,1,Pre
13,76,5,0,6,NA,1,Pre
13,77,5,2,4,-3,-1,Pre
13,78,3,1,4,-2,1,Pre
13,79,7,5,8,-2,1,Pre
13,8,4,6,4,2,0,Pre
13,80,5,5,3,0,-2,Pre
13,81,4,1,4,-3,0,Pre
13,9,4,4,3,0,-1,Pre
14,10,6,0,6,NA,0,Pre
14,11,7,7,5,0,-2,Pre
14,12,2,5,1,3,-1,Pre
14,13,2,5,2,3,0,Pre
14,14,4,4,3,0,-1,Pre
14,15,5,8,3,3,-2,Pre
14,16,4,1,6,-3,2,Pre
14,17,4,7,6,3,2,Pre
14,18,8,5,6,-3,-2,Pre
14,19,3,0,2,NA,-1,Pre
14,2,5,3,5,-2,0,Pre
14,20,7,7,7,0,0,Pre
14,21,3,3,2,0,-1,Pre
14,22,2,4,3,2,1,Pre
14,23,5,8,4,3,-1,Pre
14,24,7,7,6,0,-1,Pre
14,25,5,7,3,2,-2,Pre
14,26,6,0,7,NA,1,Pre
14,27,5,2,4,-3,-1,Pre
14,28,3,0,5,NA,2,Pre
14,29,7,7,6,0,-1,Pre
14,3,3,5,2,2,-1,Pre
14,30,3,6,6,3,3,Pre
14,31,2,4,6,2,4,Pre
14,32,3,6,3,3,0,Pre
14,33,5,0,2,NA,-3,Pre
14,34,2,5,1,3,-1,Pre
14,35,6,0,6,NA,0,Pre
14,36,3,3,1,0,-2,Pre
14,37,4,0,4,NA,0,Pre
14,38,2,2,2,0,0,Pre
14,39,6,3,6,-3,0,Pre
14,4,6,6,4,0,-2,Pre
14,40,7,5,6,-2,-1,Pre
14,41,6,4,6,-2,0,Pre
14,42,1,3,1,2,0,Pre
14,43,2,5,4,3,2,Pre
14,44,2,5,1,3,-1,Pre
14,45,5,8,7,3,2,Pre
14,46,2,0,7,NA,5,Pre
14,47,7,7,7,0,0,Pre
14,48,5,8,6,3,1,Pre
14,49,1,3,1,2,0,Pre
14,5,6,8,6,2,0,Pre
14,50,3,1,7,-2,4,Pre
14,51,2,5,2,3,0,Pre
14,52,2,5,2,3,0,Pre
14,53,6,8,7,2,1,Pre
14,54,2,5,2,3,0,Pre
14,55,7,7,6,0,-1,Pre
14,56,7,5,7,-2,0,Pre
14,57,3,1,1,-2,-2,Pre
14,58,1,3,1,2,0,Pre
14,59,7,4,7,-3,0,Pre
14,6,2,5,3,3,1,Pre
14,60,2,4,2,2,0,Pre
14,61,3,5,5,2,2,Pre
14,62,3,1,2,-2,-1,Pre
14,63,6,6,6,0,0,Pre
14,64,5,5,6,0,1,Pre
14,65,4,2,5,-2,1,Pre
14,66,1,3,2,2,1,Pre
14,67,8,5,7,-3,-1,Pre
14,68,3,5,3,2,0,Pre
14,69,6,3,3,-3,-3,Pre
14,7,2,4,3,2,1,Pre
14,70,3,5,4,2,1,Pre
14,71,5,0,6,NA,1,Pre
14,72,3,3,4,0,1,Pre
14,73,1,1,1,0,0,Pre
14,74,5,2,2,-3,-3,Pre
14,75,6,3,5,-3,-1,Pre
14,76,5,2,4,-3,-1,Pre
14,77,6,8,5,2,-1,Pre
14,78,2,4,2,2,0,Pre
14,79,6,8,6,2,0,Pre
14,8,1,1,1,0,0,Pre
14,80,3,5,2,2,-1,Pre
14,81,4,6,5,2,1,Pre
14,9,3,0,3,NA,0,Pre
15,10,7,7,6,0,-1,Pre
15,11,6,3,2,-3,-4,Pre
15,12,1,3,2,2,1,Pre
15,13,1,1,3,0,2,Pre
15,14,2,2,2,0,0,Pre
15,15,3,1,5,-2,2,Pre
15,16,1,1,2,0,1,Pre
15,17,7,0,6,NA,-1,Pre
15,18,8,6,7,-2,-1,Pre
15,19,5,7,5,2,0,Pre
15,2,3,5,3,2,0,Pre
15,20,6,0,7,NA,1,Pre
15,21,5,2,5,-3,0,Pre
15,22,5,7,3,2,-2,Pre
15,23,4,7,5,3,1,Pre
15,24,5,3,6,-2,1,Pre
15,25,6,8,6,2,0,Pre
15,26,7,7,7,0,0,Pre
15,27,4,0,7,NA,3,Pre
15,28,5,2,5,-3,0,Pre
15,29,8,5,8,-3,0,Pre
15,3,3,6,1,3,-2,Pre
15,30,6,0,3,NA,-3,Pre
15,31,1,1,1,0,0,Pre
15,32,4,4,2,0,-2,Pre
15,33,5,3,2,-2,-3,Pre
15,34,3,6,5,3,2,Pre
15,35,1,1,4,0,3,Pre
15,36,5,2,5,-3,0,Pre
15,37,4,2,5,-2,1,Pre
15,38,2,4,4,2,2,Pre
15,39,2,5,4,3,2,Pre
15,4,2,0,4,NA,2,Pre
15,40,7,5,7,-2,0,Pre
15,41,5,0,5,NA,0,Pre
15,42,3,5,1,2,-2,Pre
15,43,4,4,3,0,-1,Pre
15,44,4,4,3,0,-1,Pre
15,45,4,2,3,-2,-1,Pre
15,46,7,7,5,0,-2,Pre
15,47,6,6,7,0,1,Pre
15,48,5,5,5,0,0,Pre
15,49,5,2,6,-3,1,Pre
15,5,6,4,5,-2,-1,Pre
15,50,5,3,6,-2,1,Pre
15,51,2,2,2,0,0,Pre
15,52,4,6,3,2,-1,Pre
15,53,1,4,2,3,1,Pre
15,54,4,4,5,0,1,Pre
15,55,7,5,7,-2,0,Pre
15,56,7,4,8,-3,1,Pre
15,57,6,4,6,-2,0,Pre
15,58,2,2,5,0,3,Pre
15,59,6,3,7,-3,1,Pre
15,6,4,1,2,-3,-2,Pre
15,60,3,0,4,NA,1,Pre
15,61,5,5,6,0,1,Pre
15,62,2,4,2,2,0,Pre
15,63,6,0,7,NA,1,Pre
15,64,1,4,4,3,3,Pre
15,65,5,8,6,3,1,Pre
15,66,3,5,2,2,-1,Pre
15,67,5,7,7,2,2,Pre
15,68,4,6,4,2,0,Pre
15,69,3,1,4,-2,1,Pre
15,7,3,6,6,3,3,Pre
15,70,2,2,6,0,4,Pre
15,71,6,4,4,-2,-2,Pre
15,72,3,6,6,3,3,Pre
15,73,2,2,1,0,-1,Pre
15,74,8,5,8,-3,0,Pre
15,75,5,5,4,0,-1,Pre
15,76,5,0,7,NA,2,Pre
15,77,3,6,5,3,2,Pre
15,78,2,5,1,3,-1,Pre
15,79,7,7,6,0,-1,Pre
15,8,3,6,4,3,1,Pre
15,80,6,4,6,-2,0,Pre
15,81,3,0,2,NA,-1,Pre
15,9,2,5,2,3,0,Pre
16,10,6,0,6,NA,0,Pre
16,11,7,5,6,-2,-1,Pre
16,12,4,7,4,3,0,Pre
16,13,3,5,2,2,-1,Pre
16,14,2,4,3,2,1,Pre
16,15,4,2,4,-2,0,Pre
16,16,4,4,4,0,0,Pre
16,17,4,1,4,-3,0,Pre
16,18,5,2,5,-3,0,Pre
16,19,6,8,4,2,-2,Pre
16,2,3,5,3,2,0,Pre
16,20,7,4,6,-3,-1,Pre
16,21,4,4,3,0,-1,Pre
16,22,2,4,1,2,-1,Pre
16,23,3,5,5,2,2,Pre
16,24,6,3,6,-3,0,Pre
16,25,2,5,4,3,2,Pre
16,26,7,5,7,-2,0,Pre
16,27,3,3,5,0,2,Pre
16,28,5,5,6,0,1,Pre
16,29,6,3,7,-3,1,Pre
16,3,2,0,3,NA,1,Pre
16,30,6,8,5,2,-1,Pre
16,31,4,7,3,3,-1,Pre
16,32,4,0,4,NA,0,Pre
16,33,2,4,2,2,0,Pre
16,34,2,2,4,0,2,Pre
16,35,7,4,6,-3,-1,Pre
16,36,2,5,3,3,1,Pre
16,37,6,0,6,NA,0,Pre
16,38,2,2,2,0,0,Pre
16,39,3,1,3,-2,0,Pre
16,4,6,8,4,2,-2,Pre
16,40,7,7,5,0,-2,Pre
16,41,5,7,5,2,0,Pre
16,42,1,4,1,3,0,Pre
16,43,5,3,5,-2,0,Pre
16,44,4,7,3,3,-1,Pre
16,45,6,4,4,-2,-2,Pre
16,46,3,5,3,2,0,Pre
16,47,7,0,5,NA,-2,Pre
16,48,2,4,3,2,1,Pre
16,49,2,2,2,0,0,Pre
16,5,2,2,5,0,3,Pre
16,50,3,0,5,NA,2,Pre
16,51,2,2,2,0,0,Pre
16,52,2,5,4,3,2,Pre
16,53,4,4,5,0,1,Pre
16,54,6,8,3,2,-3,Pre
16,55,4,1,4,-3,0,Pre
16,56,8,6,7,-2,-1,Pre
16,57,2,2,5,0,3,Pre
16,58,2,5,3,3,1,Pre
16,59,6,8,5,2,-1,Pre
16,6,2,5,3,3,1,Pre
16,60,6,4,3,-2,-3,Pre
16,61,3,0,3,NA,0,Pre
16,62,2,0,2,NA,0,Pre
16,63,4,4,4,0,0,Pre
16,64,2,2,2,0,0,Pre
16,65,4,7,5,3,1,Pre
16,66,3,3,4,0,1,Pre
16,67,5,8,3,3,-2,Pre
16,68,6,4,5,-2,-1,Pre
16,69,4,6,4,2,0,Pre
16,7,4,6,4,2,0,Pre
16,70,6,8,4,2,-2,Pre
16,71,6,0,5,NA,-1,Pre
16,72,4,1,3,-3,-1,Pre
16,73,2,4,3,2,1,Pre
16,74,5,3,5,-2,0,Pre
16,75,3,6,4,3,1,Pre
16,76,5,2,6,-3,1,Pre
16,77,5,5,5,0,0,Pre
16,78,3,5,4,2,1,Pre
16,79,8,6,7,-2,-1,Pre
16,8,4,0,2,NA,-2,Pre
16,80,3,1,2,-2,-1,Pre
16,81,6,4,6,-2,0,Pre
16,9,2,2,3,0,1,Pre
17,10,6,3,5,-3,-1,Pre
17,11,6,0,5,NA,-1,Pre
17,12,5,0,5,NA,0,Pre
17,13,4,6,2,2,-2,Pre
17,14,5,7,5,2,0,Pre
17,15,4,1,4,-3,0,Pre
17,16,5,2,5,-3,0,Pre
17,17,5,5,5,0,0,Pre
17,18,6,6,6,0,0,Pre
17,19,5,8,5,3,0,Pre
17,2,5,0,5,NA,0,Pre
17,20,7,7,5,0,-2,Pre
17,21,5,3,4,-2,-1,Pre
17,22,4,7,3,3,-1,Pre
17,23,5,8,5,3,0,Pre
17,24,3,5,5,2,2,Pre
17,25,5,3,5,-2,0,Pre
17,26,6,6,6,0,0,Pre
17,27,5,5,5,0,0,Pre
17,28,6,4,5,-2,-1,Pre
17,29,6,3,6,-3,0,Pre
17,3,6,4,5,-2,-1,Pre
17,30,5,5,5,0,0,Pre
17,31,5,5,4,0,-1,Pre
17,32,3,5,3,2,0,Pre
17,33,3,1,3,-2,0,Pre
17,34,6,6,5,0,-1,Pre
17,35,6,4,6,-2,0,Pre
17,36,3,5,3,2,0,Pre
17,37,6,6,6,0,0,Pre
17,38,2,4,3,2,1,Pre
17,39,4,7,5,3,1,Pre
17,4,6,4,5,-2,-1,Pre
17,40,5,3,5,-2,0,Pre
17,41,6,4,6,-2,0,Pre
17,42,3,3,3,0,0,Pre
17,43,6,0,6,NA,0,Pre
17,44,5,8,4,3,-1,Pre
17,45,4,1,5,-3,1,Pre
17,46,5,0,4,NA,-1,Pre
17,47,7,4,6,-3,-1,Pre
17,48,5,0,5,NA,0,Pre
17,49,4,6,4,2,0,Pre
17,5,5,8,5,3,0,Pre
17,50,5,5,6,0,1,Pre
17,51,4,2,4,-2,0,Pre
17,52,5,7,5,2,0,Pre
17,53,5,5,4,0,-1,Pre
17,54,5,7,5,2,0,Pre
17,55,5,8,5,3,0,Pre
17,56,7,5,7,-2,0,Pre
17,57,4,0,2,NA,-2,Pre
17,58,4,4,3,0,-1,Pre
17,59,5,8,5,3,0,Pre
17,6,5,3,4,-2,-1,Pre
17,60,4,2,4,-2,0,Pre
17,61,6,6,4,0,-2,Pre
17,62,3,1,3,-2,0,Pre
17,63,7,5,6,-2,-1,Pre
17,64,6,8,7,2,1,Pre
17,65,5,2,5,-3,0,Pre
17,66,3,0,5,NA,2,Pre
17,67,6,6,6,0,0,Pre
17,68,5,8,3,3,-2,Pre
17,69,6,3,5,-3,-1,Pre
17,7,6,6,5,0,-1,Pre
17,70,5,3,5,-2,0,Pre
17,71,7,7,6,0,-1,Pre
17,72,4,1,4,-3,0,Pre
17,73,2,2,2,0,0,Pre
17,74,5,0,5,NA,0,Pre
17,75,5,3,5,-2,0,Pre
17,76,5,8,6,3,1,Pre
17,77,6,3,5,-3,-1,Pre
17,78,2,4,2,2,0,Pre
17,79,6,0,6,NA,0,Pre
17,8,4,4,5,0,1,Pre
17,80,5,5,5,0,0,Pre
17,81,5,7,5,2,0,Pre
17,9,5,3,5,-2,0,Pre
18,10,5,2,6,-3,1,Pre
18,11,7,4,4,-3,-3,Pre
18,12,6,6,5,0,-1,Pre
18,13,3,6,2,3,-1,Pre
18,14,2,4,4,2,2,Pre
18,15,3,0,4,NA,1,Pre
18,16,3,6,4,3,1,Pre
18,17,2,5,4,3,2,Pre
18,18,5,8,6,3,1,Pre
18,19,3,1,3,-2,0,Pre
18,2,5,7,3,2,-2,Pre
18,20,6,3,6,-3,0,Pre
18,21,4,7,3,3,-1,Pre
18,22,2,4,3,2,1,Pre
18,23,3,3,5,0,2,Pre
18,24,7,7,7,0,0,Pre
18,25,5,0,5,NA,0,Pre
18,26,6,8,6,2,0,Pre
18,27,4,7,2,3,-2,Pre
18,28,6,8,6,2,0,Pre
18,29,6,3,6,-3,0,Pre
18,3,7,4,3,-3,-4,Pre
18,30,4,1,3,-3,-1,Pre
18,31,2,5,4,3,2,Pre
18,32,4,6,3,2,-1,Pre
18,33,5,5,4,0,-1,Pre
18,34,2,5,3,3,1,Pre
18,35,7,0,5,NA,-2,Pre
18,36,2,5,3,3,1,Pre
18,37,6,8,5,2,-1,Pre
18,38,4,4,3,0,-1,Pre
18,39,2,0,2,NA,0,Pre
18,4,6,3,6,-3,0,Pre
18,40,6,8,6,2,0,Pre
18,41,6,3,6,-3,0,Pre
18,42,2,5,2,3,0,Pre
18,43,5,0,6,NA,1,Pre
18,44,7,4,6,-3,-1,Pre
18,45,4,1,4,-3,0,Pre
18,46,5,2,5,-3,0,Pre
18,47,4,2,6,-2,2,Pre
18,48,3,5,6,2,3,Pre
18,49,4,6,3,2,-1,Pre
18,5,6,0,3,NA,-3,Pre
18,50,6,6,6,0,0,Pre
18,51,2,0,3,NA,1,Pre
18,52,5,3,4,-2,-1,Pre
18,53,5,3,6,-2,1,Pre
18,54,3,5,4,2,1,Pre
18,55,5,2,4,-3,-1,Pre
18,56,7,5,7,-2,0,Pre
18,57,4,7,3,3,-1,Pre
18,58,2,2,3,0,1,Pre
18,59,2,5,4,3,2,Pre
18,6,5,2,2,-3,-3,Pre
18,60,3,1,2,-2,-1,Pre
18,61,2,2,4,0,2,Pre
18,62,2,0,2,NA,0,Pre
18,63,6,0,6,NA,0,Pre
18,64,7,5,3,-2,-4,Pre
18,65,5,2,2,-3,-3,Pre
18,66,3,3,3,0,0,Pre
18,67,6,8,7,2,1,Pre
18,68,2,5,3,3,1,Pre
18,69,2,2,4,0,2,Pre
18,7,6,6,3,0,-3,Pre
18,70,3,6,3,3,0,Pre
18,71,2,5,6,3,4,Pre
18,72,3,5,3,2,0,Pre
18,73,1,0,1,NA,0,Pre
18,74,7,5,6,-2,-1,Pre
18,75,5,3,5,-2,0,Pre
18,76,7,7,4,0,-3,Pre
18,77,6,3,3,-3,-3,Pre
18,78,2,5,2,3,0,Pre
18,79,5,2,6,-3,1,Pre
18,8,6,3,5,-3,-1,Pre
18,80,6,4,5,-2,-1,Pre
18,81,2,2,3,0,1,Pre
18,9,1,4,3,3,2,Pre
19,10,7,0,7,NA,0,Pre
19,11,5,5,6,0,1,Pre
19,12,4,2,5,-2,1,Pre
19,13,3,0,3,NA,0,Pre
19,14,5,8,4,3,-1,Pre
19,15,5,0,5,NA,0,Pre
19,16,6,3,6,-3,0,Pre
19,17,6,4,6,-2,0,Pre
19,18,6,6,6,0,0,Pre
19,19,7,0,7,NA,0,Pre
19,2,4,6,5,2,1,Pre
19,20,5,2,5,-3,0,Pre
19,21,4,2,5,-2,1,Pre
19,22,4,0,5,NA,1,Pre
19,23,4,7,4,3,0,Pre
19,24,8,8,7,0,-1,Pre
19,25,5,3,7,-2,2,Pre
19,26,8,6,8,-2,0,Pre
19,27,5,2,6,-3,1,Pre
19,28,5,3,6,-2,1,Pre
19,29,8,5,8,-3,0,Pre
19,3,5,5,5,0,0,Pre
19,30,7,7,7,0,0,Pre
19,31,6,0,6,NA,0,Pre
19,32,5,7,4,2,-1,Pre
19,33,3,5,5,2,2,Pre
19,34,6,4,5,-2,-1,Pre
19,35,7,5,5,-2,-2,Pre
19,36,3,3,3,0,0,Pre
19,37,7,0,7,NA,0,Pre
19,38,5,5,3,0,-2,Pre
19,39,6,4,6,-2,0,Pre
19,4,6,3,5,-3,-1,Pre
19,40,8,5,8,-3,0,Pre
19,41,6,6,6,0,0,Pre
19,42,4,4,4,0,0,Pre
19,43,6,3,5,-3,-1,Pre
19,44,6,3,5,-3,-1,Pre
19,45,4,7,5,3,1,Pre
19,46,8,8,7,0,-1,Pre
19,47,6,4,6,-2,0,Pre
19,48,2,2,4,0,2,Pre
19,49,7,7,7,0,0,Pre
19,5,7,5,6,-2,-1,Pre
19,50,6,6,6,0,0,Pre
19,51,5,5,5,0,0,Pre
19,52,5,7,4,2,-1,Pre
19,53,6,8,7,2,1,Pre
19,54,6,3,6,-3,0,Pre
19,55,7,7,6,0,-1,Pre
19,56,7,5,7,-2,0,Pre
19,57,3,3,5,0,2,Pre
19,58,3,3,2,0,-1,Pre
19,59,6,3,7,-3,1,Pre
19,6,4,2,4,-2,0,Pre
19,60,6,4,6,-2,0,Pre
19,61,4,2,3,-2,-1,Pre
19,62,3,3,2,0,-1,Pre
19,63,5,7,5,2,0,Pre
19,64,8,8,8,0,0,Pre
19,65,6,6,6,0,0,Pre
19,66,5,0,4,NA,-1,Pre
19,67,7,5,6,-2,-1,Pre
19,68,7,5,6,-2,-1,Pre
19,69,6,4,7,-2,1,Pre
19,7,5,5,5,0,0,Pre
19,70,7,0,8,NA,1,Pre
19,71,6,8,6,2,0,Pre
19,72,5,0,5,NA,0,Pre
19,73,4,4,2,0,-2,Pre
19,74,5,8,7,3,2,Pre
19,75,4,1,4,-3,0,Pre
19,76,6,8,7,2,1,Pre
19,77,5,2,5,-3,0,Pre
19,78,1,4,2,3,1,Pre
19,79,8,5,8,-3,0,Pre
19,8,5,5,5,0,0,Pre
19,80,6,6,7,0,1,Pre
19,81,5,3,6,-2,1,Pre
19,9,6,6,5,0,-1,Pre
2,10,7,7,6,0,-1,Pre
2,11,6,3,7,-3,1,Pre
2,12,2,4,2,2,0,Pre
2,13,1,4,3,3,2,Pre
2,14,5,5,5,0,0,Pre
2,15,3,3,6,0,3,Pre
2,16,4,6,3,2,-1,Pre
2,17,5,8,3,3,-2,Pre
2,18,4,1,4,-3,0,Pre
2,19,5,7,8,2,3,Pre
2,2,4,0,5,NA,1,Pre
2,20,4,2,2,-2,-2,Pre
2,21,3,6,4,3,1,Pre
2,22,4,2,3,-2,-1,Pre
2,23,7,7,7,0,0,Pre
2,24,6,3,4,-3,-2,Pre
2,25,6,4,5,-2,-1,Pre
2,26,8,6,6,-2,-2,Pre
2,27,4,7,3,3,-1,Pre
2,28,8,6,7,-2,-1,Pre
2,29,7,7,3,0,-4,Pre
2,3,3,0,6,NA,3,Pre
2,30,4,7,3,3,-1,Pre
2,31,2,5,2,3,0,Pre
2,32,2,5,5,3,3,Pre
2,33,5,5,6,0,1,Pre
2,34,5,8,2,3,-3,Pre
2,35,7,5,2,-2,-5,Pre
2,36,4,0,5,NA,1,Pre
2,37,7,7,7,0,0,Pre
2,38,2,5,1,3,-1,Pre
2,39,3,3,2,0,-1,Pre
2,4,7,5,6,-2,-1,Pre
2,40,7,7,7,0,0,Pre
2,41,7,7,7,0,0,Pre
2,42,2,5,2,3,0,Pre
2,43,6,4,6,-2,0,Pre
2,44,7,0,7,NA,0,Pre
2,45,5,8,6,3,1,Pre
2,46,7,5,4,-2,-3,Pre
2,47,4,2,3,-2,-1,Pre
2,48,3,1,2,-2,-1,Pre
2,49,3,1,3,-2,0,Pre
2,5,3,0,7,NA,4,Pre
2,50,5,8,3,3,-2,Pre
2,51,2,0,3,NA,1,Pre
2,52,3,5,2,2,-1,Pre
2,53,3,6,2,3,-1,Pre
2,54,3,6,2,3,-1,Pre
2,55,6,6,7,0,1,Pre
2,56,3,5,8,2,5,Pre
2,57,2,2,3,0,1,Pre
2,58,2,5,2,3,0,Pre
2,59,6,8,2,2,-4,Pre
2,6,6,6,7,0,1,Pre
2,60,4,7,3,3,-1,Pre
2,61,3,1,3,-2,0,Pre
2,62,1,3,2,2,1,Pre
2,63,5,3,5,-2,0,Pre
2,64,3,0,3,NA,0,Pre
2,65,6,8,5,2,-1,Pre
2,66,4,6,3,2,-1,Pre
2,67,6,3,5,-3,-1,Pre
2,68,4,2,3,-2,-1,Pre
2,69,1,3,2,2,1,Pre
2,7,8,5,3,-3,-5,Pre
2,70,4,4,4,0,0,Pre
2,71,3,3,2,0,-1,Pre
2,72,6,3,6,-3,0,Pre
2,73,1,0,1,NA,0,Pre
2,74,3,6,2,3,-1,Pre
2,75,2,2,2,0,0,Pre
2,76,6,3,5,-3,-1,Pre
2,77,3,6,3,3,0,Pre
2,78,2,4,2,2,0,Pre
2,79,7,4,6,-3,-1,Pre
2,8,4,0,3,NA,-1,Pre
2,80,3,1,6,-2,3,Pre
2,81,4,7,2,3,-2,Pre
2,9,4,0,3,NA,-1,Pre
20,10,4,7,6,3,2,Pre
20,11,6,3,6,-3,0,Pre
20,12,4,7,6,3,2,Pre
20,13,2,0,1,NA,-1,Pre
20,14,5,2,3,-3,-2,Pre
20,15,6,3,5,-3,-1,Pre
20,16,4,1,3,-3,-1,Pre
20,17,5,5,5,0,0,Pre
20,18,7,4,6,-3,-1,Pre
20,19,6,6,4,0,-2,Pre
20,2,4,1,3,-3,-1,Pre
20,20,5,5,5,0,0,Pre
20,21,2,4,3,2,1,Pre
20,22,5,5,4,0,-1,Pre
20,23,5,0,3,NA,-2,Pre
20,24,6,6,5,0,-1,Pre
20,25,5,7,6,2,1,Pre
20,26,6,6,6,0,0,Pre
20,27,6,3,6,-3,0,Pre
20,28,5,8,5,3,0,Pre
20,29,6,3,6,-3,0,Pre
20,3,6,0,5,NA,-1,Pre
20,30,5,3,6,-2,1,Pre
20,31,7,4,6,-3,-1,Pre
20,32,3,6,5,3,2,Pre
20,33,6,4,3,-2,-3,Pre
20,34,5,3,6,-2,1,Pre
20,35,6,3,6,-3,0,Pre
20,36,3,6,3,3,0,Pre
20,37,7,7,6,0,-1,Pre
20,38,2,5,4,3,2,Pre
20,39,5,2,6,-3,1,Pre
20,4,6,0,6,NA,0,Pre
20,40,5,0,6,NA,1,Pre
20,41,6,4,6,-2,0,Pre
20,42,4,4,3,0,-1,Pre
20,43,6,8,4,2,-2,Pre
20,44,6,0,6,NA,0,Pre
20,45,5,7,5,2,0,Pre
20,46,5,5,5,0,0,Pre
20,47,7,5,7,-2,0,Pre
20,48,7,7,6,0,-1,Pre
20,49,4,1,4,-3,0,Pre
20,5,5,5,5,0,0,Pre
20,50,6,4,6,-2,0,Pre
20,51,3,6,3,3,0,Pre
20,52,2,2,4,0,2,Pre
20,53,6,3,6,-3,0,Pre
20,54,3,6,3,3,0,Pre
20,55,4,0,6,NA,2,Pre
20,56,5,7,6,2,1,Pre
20,57,5,8,6,3,1,Pre
20,58,4,7,4,3,0,Pre
20,59,5,2,6,-3,1,Pre
20,6,3,5,3,2,0,Pre
20,60,5,3,5,-2,0,Pre
20,61,3,5,6,2,3,Pre
20,62,3,0,3,NA,0,Pre
20,63,8,0,6,NA,-2,Pre
20,64,3,1,3,-2,0,Pre
20,65,7,0,6,NA,-1,Pre
20,66,3,1,3,-2,0,Pre
20,67,7,7,6,0,-1,Pre
20,68,6,8,6,2,0,Pre
20,69,3,5,6,2,3,Pre
20,7,3,5,4,2,1,Pre
20,70,5,3,4,-2,-1,Pre
20,71,6,6,5,0,-1,Pre
20,72,6,8,6,2,0,Pre
20,73,3,1,3,-2,0,Pre
20,74,5,7,2,2,-3,Pre
20,75,5,7,6,2,1,Pre
20,76,5,7,6,2,1,Pre
20,77,5,3,5,-2,0,Pre
20,78,4,1,4,-3,0,Pre
20,79,7,4,6,-3,-1,Pre
20,8,4,6,3,2,-1,Pre
20,80,4,1,6,-3,2,Pre
20,81,6,6,6,0,0,Pre
20,9,3,6,5,3,2,Pre
21,10,4,0,4,NA,0,Pre
21,11,6,3,6,-3,0,Pre
21,12,5,5,3,0,-2,Pre
21,13,3,6,4,3,1,Pre
21,14,3,1,4,-2,1,Pre
21,15,4,7,3,3,-1,Pre
21,16,4,6,2,2,-2,Pre
21,17,2,5,4,3,2,Pre
21,18,5,5,5,0,0,Pre
21,19,4,2,5,-2,1,Pre
21,2,3,0,2,NA,-1,Pre
21,20,5,5,6,0,1,Pre
21,21,4,4,2,0,-2,Pre
21,22,2,0,2,NA,0,Pre
21,23,4,1,4,-3,0,Pre
21,24,5,7,5,2,0,Pre
21,25,6,0,6,NA,0,Pre
21,26,6,3,6,-3,0,Pre
21,27,4,1,4,-3,0,Pre
21,28,5,5,6,0,1,Pre
21,29,7,4,7,-3,0,Pre
21,3,3,3,2,0,-1,Pre
21,30,4,1,3,-3,-1,Pre
21,31,5,7,3,2,-2,Pre
21,32,2,0,4,NA,2,Pre
21,33,2,5,3,3,1,Pre
21,34,5,8,5,3,0,Pre
21,35,6,6,3,0,-3,Pre
21,36,3,3,4,0,1,Pre
21,37,5,7,5,2,0,Pre
21,38,3,6,3,3,0,Pre
21,39,3,6,4,3,1,Pre
21,4,4,2,2,-2,-2,Pre
21,40,6,4,5,-2,-1,Pre
21,41,6,6,6,0,0,Pre
21,42,1,3,4,2,3,Pre
21,43,3,3,4,0,1,Pre
21,44,3,6,4,3,1,Pre
21,45,4,2,5,-2,1,Pre
21,46,5,2,4,-3,-1,Pre
21,47,6,0,6,NA,0,Pre
21,48,4,7,4,3,0,Pre
21,49,3,6,3,3,0,Pre
21,5,3,5,5,2,2,Pre
21,50,7,4,6,-3,-1,Pre
21,51,3,6,3,3,0,Pre
21,52,3,3,2,0,-1,Pre
21,53,3,3,2,0,-1,Pre
21,54,3,3,4,0,1,Pre
21,55,3,3,4,0,1,Pre
21,56,6,4,6,-2,0,Pre
21,57,3,6,4,3,1,Pre
21,58,2,5,1,3,-1,Pre
21,59,6,6,5,0,-1,Pre
21,6,2,0,1,NA,-1,Pre
21,60,4,0,3,NA,-1,Pre
21,61,2,5,3,3,1,Pre
21,62,1,1,1,0,0,Pre
21,63,2,4,4,2,2,Pre
21,64,3,0,3,NA,0,Pre
21,65,3,6,5,3,2,Pre
21,66,2,2,2,0,0,Pre
21,67,7,4,8,-3,1,Pre
21,68,3,3,3,0,0,Pre
21,69,5,2,6,-3,1,Pre
21,7,2,5,2,3,0,Pre
21,70,5,3,3,-2,-2,Pre
21,71,8,6,3,-2,-5,Pre
21,72,4,1,3,-3,-1,Pre
21,73,3,3,1,0,-2,Pre
21,74,3,1,5,-2,2,Pre
21,75,4,2,2,-2,-2,Pre
21,76,5,0,6,NA,1,Pre
21,77,4,2,5,-2,1,Pre
21,78,2,2,2,0,0,Pre
21,79,8,5,7,-3,-1,Pre
21,8,4,7,3,3,-1,Pre
21,80,3,3,3,0,0,Pre
21,81,4,6,4,2,0,Pre
21,9,3,3,1,0,-2,Pre
22,10,6,3,6,-3,0,Pre
22,11,4,1,5,-3,1,Pre
22,12,6,8,4,2,-2,Pre
22,13,2,4,2,2,0,Pre
22,14,3,6,4,3,1,Pre
22,15,5,5,3,0,-2,Pre
22,16,3,5,3,2,0,Pre
22,17,6,3,6,-3,0,Pre
22,18,1,4,2,3,1,Pre
22,19,8,5,7,-3,-1,Pre
22,2,6,4,6,-2,0,Pre
22,20,6,8,5,2,-1,Pre
22,21,3,6,3,3,0,Pre
22,22,6,8,3,2,-3,Pre
22,23,3,0,4,NA,1,Pre
22,24,5,8,6,3,1,Pre
22,25,4,0,5,NA,1,Pre
22,26,7,5,7,-2,0,Pre
22,27,6,8,6,2,0,Pre
22,28,5,8,7,3,2,Pre
22,29,6,0,6,NA,0,Pre
22,3,3,5,4,2,1,Pre
22,30,7,4,7,-3,0,Pre
22,31,3,5,4,2,1,Pre
22,32,7,5,5,-2,-2,Pre
22,33,6,3,3,-3,-3,Pre
22,34,3,0,2,NA,-1,Pre
22,35,5,8,5,3,0,Pre
22,36,4,1,4,-3,0,Pre
22,37,2,5,4,3,2,Pre
22,38,7,7,6,0,-1,Pre
22,39,5,0,3,NA,-2,Pre
22,4,7,4,6,-3,-1,Pre
22,40,2,2,1,0,-1,Pre
22,41,6,3,3,-3,-3,Pre
22,42,1,4,1,3,0,Pre
22,43,6,8,6,2,0,Pre
22,44,5,2,4,-3,-1,Pre
22,45,4,7,5,3,1,Pre
22,46,5,2,5,-3,0,Pre
22,47,1,3,2,2,1,Pre
22,48,2,4,2,2,0,Pre
22,49,3,5,2,2,-1,Pre
22,5,8,6,7,-2,-1,Pre
22,50,7,5,5,-2,-2,Pre
22,51,6,4,3,-2,-3,Pre
22,52,5,8,5,3,0,Pre
22,53,2,5,6,3,4,Pre
22,54,2,4,2,2,0,Pre
22,55,6,8,7,2,1,Pre
22,56,7,7,6,0,-1,Pre
22,57,2,2,3,0,1,Pre
22,58,1,0,2,NA,1,Pre
22,59,5,8,6,3,1,Pre
22,6,2,2,3,0,1,Pre
22,60,3,1,4,-2,1,Pre
22,61,3,0,1,NA,-2,Pre
22,62,1,0,2,NA,1,Pre
22,63,3,3,7,0,4,Pre
22,64,2,4,2,2,0,Pre
22,65,3,0,3,NA,0,Pre
22,66,8,8,5,0,-3,Pre
22,67,6,8,5,2,-1,Pre
22,68,3,6,3,3,0,Pre
22,69,8,6,6,-2,-2,Pre
22,7,7,4,4,-3,-3,Pre
22,70,6,8,6,2,0,Pre
22,71,5,2,7,-3,2,Pre
22,72,5,8,5,3,0,Pre
22,73,1,0,1,NA,0,Pre
22,74,7,7,7,0,0,Pre
22,75,6,4,6,-2,0,Pre
22,76,6,6,6,0,0,Pre
22,77,6,4,5,-2,-1,Pre
22,78,3,5,2,2,-1,Pre
22,79,8,5,8,-3,0,Pre
22,8,3,1,2,-2,-1,Pre
22,80,2,5,3,3,1,Pre
22,81,5,7,3,2,-2,Pre
22,9,2,4,2,2,0,Pre
23,10,5,2,4,-3,-1,Pre
23,11,4,2,6,-2,2,Pre
23,12,2,2,3,0,1,Pre
23,13,2,2,4,0,2,Pre
23,14,4,6,4,2,0,Pre
23,15,4,0,4,NA,0,Pre
23,16,5,8,4,3,-1,Pre
23,17,6,6,6,0,0,Pre
23,18,6,3,6,-3,0,Pre
23,19,7,0,5,NA,-2,Pre
23,2,5,5,5,0,0,Pre
23,20,6,0,6,NA,0,Pre
23,21,3,3,4,0,1,Pre
23,22,3,0,2,NA,-1,Pre
23,23,6,3,4,-3,-2,Pre
23,24,4,7,4,3,0,Pre
23,25,6,8,6,2,0,Pre
23,26,4,2,6,-2,2,Pre
23,27,3,3,4,0,1,Pre
23,28,6,6,6,0,0,Pre
23,29,7,5,6,-2,-1,Pre
23,3,4,1,4,-3,0,Pre
23,30,6,4,5,-2,-1,Pre
23,31,5,8,4,3,-1,Pre
23,32,6,4,5,-2,-1,Pre
23,33,6,4,4,-2,-2,Pre
23,34,6,3,4,-3,-2,Pre
23,35,7,7,6,0,-1,Pre
23,36,2,5,3,3,1,Pre
23,37,6,3,7,-3,1,Pre
23,38,3,5,4,2,1,Pre
23,39,3,3,4,0,1,Pre
23,4,7,4,6,-3,-1,Pre
23,40,4,1,6,-3,2,Pre
23,41,6,8,4,2,-2,Pre
23,42,2,4,2,2,0,Pre
23,43,3,5,3,2,0,Pre
23,44,6,8,4,2,-2,Pre
23,45,5,8,5,3,0,Pre
23,46,7,5,5,-2,-2,Pre
23,47,7,7,7,0,0,Pre
23,48,5,5,4,0,-1,Pre
23,49,4,2,4,-2,0,Pre
23,5,7,7,6,0,-1,Pre
23,50,6,6,3,0,-3,Pre
23,51,5,2,2,-3,-3,Pre
23,52,4,4,4,0,0,Pre
23,53,6,0,4,NA,-2,Pre
23,54,4,1,3,-3,-1,Pre
23,55,3,6,6,3,3,Pre
23,56,7,4,7,-3,0,Pre
23,57,3,0,3,NA,0,Pre
23,58,4,2,2,-2,-2,Pre
23,59,7,4,6,-3,-1,Pre
23,6,3,6,4,3,1,Pre
23,60,7,4,6,-3,-1,Pre
23,61,5,7,4,2,-1,Pre
23,62,3,0,4,NA,1,Pre
23,63,7,5,7,-2,0,Pre
23,64,4,4,6,0,2,Pre
23,65,8,5,6,-3,-2,Pre
23,66,3,1,4,-2,1,Pre
23,67,6,4,6,-2,0,Pre
23,68,3,5,3,2,0,Pre
23,69,5,3,3,-2,-2,Pre
23,7,4,1,2,-3,-2,Pre
23,70,5,8,3,3,-2,Pre
23,71,6,4,6,-2,0,Pre
23,72,8,6,8,-2,0,Pre
23,73,2,4,2,2,0,Pre
23,74,3,0,3,NA,0,Pre
23,75,3,0,4,NA,1,Pre
23,76,4,1,5,-3,1,Pre
23,77,4,4,3,0,-1,Pre
23,78,3,5,3,2,0,Pre
23,79,4,2,7,-2,3,Pre
23,8,3,3,4,0,1,Pre
23,80,4,2,4,-2,0,Pre
23,81,4,7,4,3,0,Pre
23,9,4,0,5,NA,1,Pre
24,10,5,5,4,0,-1,Pre
24,11,6,3,5,-3,-1,Pre
24,12,5,3,5,-2,0,Pre
24,13,3,3,2,0,-1,Pre
24,14,6,4,5,-2,-1,Pre
24,15,4,0,3,NA,-1,Pre
24,16,4,7,5,3,1,Pre
24,17,6,3,5,-3,-1,Pre
24,18,6,0,5,NA,-1,Pre
24,19,4,1,4,-3,0,Pre
24,2,6,8,5,2,-1,Pre
24,20,6,8,6,2,0,Pre
24,21,3,6,4,3,1,Pre
24,22,4,2,2,-2,-2,Pre
24,23,5,3,6,-2,1,Pre
24,24,7,5,7,-2,0,Pre
24,25,4,7,4,3,0,Pre
24,26,4,2,5,-2,1,Pre
24,27,5,5,5,0,0,Pre
24,28,5,7,5,2,0,Pre
24,29,7,4,7,-3,0,Pre
24,3,5,3,5,-2,0,Pre
24,30,5,5,4,0,-1,Pre
24,31,5,0,4,NA,-1,Pre
24,32,5,0,4,NA,-1,Pre
24,33,3,5,4,2,1,Pre
24,34,4,1,3,-3,-1,Pre
24,35,7,7,6,0,-1,Pre
24,36,3,6,5,3,2,Pre
24,37,6,8,6,2,0,Pre
24,38,3,5,3,2,0,Pre
24,39,6,6,5,0,-1,Pre
24,4,6,0,6,NA,0,Pre
24,40,6,8,4,2,-2,Pre
24,41,5,0,4,NA,-1,Pre
24,42,4,1,4,-3,0,Pre
24,43,6,8,6,2,0,Pre
24,44,6,4,3,-2,-3,Pre
24,45,6,8,6,2,0,Pre
24,46,6,3,5,-3,-1,Pre
24,47,6,6,5,0,-1,Pre
24,48,4,2,5,-2,1,Pre
24,49,4,0,5,NA,1,Pre
24,5,4,6,3,2,-1,Pre
24,50,7,7,5,0,-2,Pre
24,51,3,6,3,3,0,Pre
24,52,6,4,6,-2,0,Pre
24,53,7,4,4,-3,-3,Pre
24,54,5,8,3,3,-2,Pre
24,55,5,5,6,0,1,Pre
24,56,8,8,8,0,0,Pre
24,57,2,5,3,3,1,Pre
24,58,2,2,3,0,1,Pre
24,59,5,2,6,-3,1,Pre
24,6,4,4,5,0,1,Pre
24,60,4,4,3,0,-1,Pre
24,61,4,6,4,2,0,Pre
24,62,2,5,3,3,1,Pre
24,63,6,8,5,2,-1,Pre
24,64,5,0,3,NA,-2,Pre
24,65,4,2,6,-2,2,Pre
24,66,4,4,3,0,-1,Pre
24,67,7,4,7,-3,0,Pre
24,68,5,5,3,0,-2,Pre
24,69,7,0,6,NA,-1,Pre
24,7,4,1,7,-3,3,Pre
24,70,5,2,3,-3,-2,Pre
24,71,6,4,7,-2,1,Pre
24,72,4,2,4,-2,0,Pre
24,73,3,3,2,0,-1,Pre
24,74,6,0,4,NA,-2,Pre
24,75,5,5,6,0,1,Pre
24,76,3,5,6,2,3,Pre
24,77,4,1,5,-3,1,Pre
24,78,3,3,3,0,0,Pre
24,79,6,8,7,2,1,Pre
24,8,6,8,4,2,-2,Pre
24,80,4,2,3,-2,-1,Pre
24,81,6,3,6,-3,0,Pre
24,9,3,1,5,-2,2,Pre
25,10,5,2,6,-3,1,Pre
25,11,6,8,6,2,0,Pre
25,12,3,0,3,NA,0,Pre
25,13,1,4,1,3,0,Pre
25,14,3,3,3,0,0,Pre
25,15,6,8,3,2,-3,Pre
25,16,5,8,4,3,-1,Pre
25,17,4,0,3,NA,-1,Pre
25,18,7,7,8,0,1,Pre
25,19,6,8,3,2,-3,Pre
25,2,3,0,3,NA,0,Pre
25,20,5,2,4,-3,-1,Pre
25,21,1,1,2,0,1,Pre
25,22,1,4,1,3,0,Pre
25,23,6,0,7,NA,1,Pre
25,24,4,1,6,-3,2,Pre
25,25,4,4,5,0,1,Pre
25,26,8,8,6,0,-2,Pre
25,27,5,2,2,-3,-3,Pre
25,28,4,7,3,3,-1,Pre
25,29,7,7,8,0,1,Pre
25,3,1,4,3,3,2,Pre
25,30,5,5,6,0,1,Pre
25,31,3,6,5,3,2,Pre
25,32,3,5,5,2,2,Pre
25,33,4,1,2,-3,-2,Pre
25,34,4,2,6,-2,2,Pre
25,35,2,2,2,0,0,Pre
25,36,2,5,1,3,-1,Pre
25,37,5,7,5,2,0,Pre
25,38,4,2,4,-2,0,Pre
25,39,5,3,7,-2,2,Pre
25,4,3,1,7,-2,4,Pre
25,40,4,4,4,0,0,Pre
25,41,6,0,5,NA,-1,Pre
25,42,1,0,1,NA,0,Pre
25,43,6,3,5,-3,-1,Pre
25,44,1,3,1,2,0,Pre
25,45,1,4,1,3,0,Pre
25,46,4,4,6,0,2,Pre
25,47,7,4,7,-3,0,Pre
25,48,3,0,2,NA,-1,Pre
25,49,1,1,1,0,0,Pre
25,5,7,4,5,-3,-2,Pre
25,50,7,7,5,0,-2,Pre
25,51,2,2,3,0,1,Pre
25,52,1,1,4,0,3,Pre
25,53,5,2,5,-3,0,Pre
25,54,2,5,1,3,-1,Pre
25,55,4,6,3,2,-1,Pre
25,56,7,5,7,-2,0,Pre
25,57,2,0,1,NA,-1,Pre
25,58,6,3,2,-3,-4,Pre
25,59,6,3,7,-3,1,Pre
25,6,4,7,1,3,-3,Pre
25,60,5,8,7,3,2,Pre
25,61,2,2,1,0,-1,Pre
25,62,1,1,1,0,0,Pre
25,63,7,5,7,-2,0,Pre
25,64,3,1,3,-2,0,Pre
25,65,5,2,5,-3,0,Pre
25,66,7,4,6,-3,-1,Pre
25,67,6,8,7,2,1,Pre
25,68,2,5,4,3,2,Pre
25,69,3,5,6,2,3,Pre
25,7,4,2,7,-2,3,Pre
25,70,4,1,6,-3,2,Pre
25,71,6,0,4,NA,-2,Pre
25,72,7,5,6,-2,-1,Pre
25,73,1,3,1,2,0,Pre
25,74,4,1,2,-3,-2,Pre
25,75,3,6,3,3,0,Pre
25,76,5,0,4,NA,-1,Pre
25,77,3,1,2,-2,-1,Pre
25,78,1,4,1,3,0,Pre
25,79,7,5,8,-2,1,Pre
25,8,2,4,6,2,4,Pre
25,80,3,5,5,2,2,Pre
25,81,3,3,1,0,-2,Pre
25,9,4,1,2,-3,-2,Pre
26,10,6,0,5,NA,-1,Pre
26,11,7,0,5,NA,-2,Pre
26,12,3,1,6,-2,3,Pre
26,13,2,4,5,2,3,Pre
26,14,3,6,2,3,-1,Pre
26,15,6,4,4,-2,-2,Pre
26,16,5,5,4,0,-1,Pre
26,17,3,1,5,-2,2,Pre
26,18,5,2,7,-3,2,Pre
26,19,1,1,5,0,4,Pre
26,2,6,6,5,0,-1,Pre
26,20,6,8,6,2,0,Pre
26,21,4,4,5,0,1,Pre
26,22,3,1,3,-2,0,Pre
26,23,6,6,6,0,0,Pre
26,24,4,7,5,3,1,Pre
26,25,3,1,3,-2,0,Pre
26,26,3,3,6,0,3,Pre
26,27,2,5,4,3,2,Pre
26,28,6,4,5,-2,-1,Pre
26,29,7,4,7,-3,0,Pre
26,3,6,8,6,2,0,Pre
26,30,6,8,4,2,-2,Pre
26,31,4,7,2,3,-2,Pre
26,32,3,3,3,0,0,Pre
26,33,6,4,4,-2,-2,Pre
26,34,4,2,4,-2,0,Pre
26,35,6,3,6,-3,0,Pre
26,36,4,7,3,3,-1,Pre
26,37,7,4,7,-3,0,Pre
26,38,3,3,2,0,-1,Pre
26,39,4,4,3,0,-1,Pre
26,4,2,5,6,3,4,Pre
26,40,5,7,6,2,1,Pre
26,41,6,4,6,-2,0,Pre
26,42,5,7,6,2,1,Pre
26,43,6,3,3,-3,-3,Pre
26,44,4,0,4,NA,0,Pre
26,45,3,1,5,-2,2,Pre
26,46,6,6,4,0,-2,Pre
26,47,6,8,7,2,1,Pre
26,48,4,2,6,-2,2,Pre
26,49,3,0,2,NA,-1,Pre
26,5,7,5,5,-2,-2,Pre
26,50,7,4,6,-3,-1,Pre
26,51,4,0,5,NA,1,Pre
26,52,4,1,6,-3,2,Pre
26,53,6,6,4,0,-2,Pre
26,54,2,5,3,3,1,Pre
26,55,6,6,4,0,-2,Pre
26,56,7,0,7,NA,0,Pre
26,57,3,3,2,0,-1,Pre
26,58,2,2,2,0,0,Pre
26,59,7,7,6,0,-1,Pre
26,6,3,1,2,-2,-1,Pre
26,60,3,6,2,3,-1,Pre
26,61,4,0,4,NA,0,Pre
26,62,6,4,3,-2,-3,Pre
26,63,5,0,5,NA,0,Pre
26,64,5,2,4,-3,-1,Pre
26,65,5,3,4,-2,-1,Pre
26,66,2,4,4,2,2,Pre
26,67,6,6,7,0,1,Pre
26,68,5,7,4,2,-1,Pre
26,69,5,8,3,3,-2,Pre
26,7,7,0,5,NA,-2,Pre
26,70,3,6,3,3,0,Pre
26,71,5,7,3,2,-2,Pre
26,72,7,0,6,NA,-1,Pre
26,73,1,1,1,0,0,Pre
26,74,4,6,4,2,0,Pre
26,75,7,7,5,0,-2,Pre
26,76,5,5,5,0,0,Pre
26,77,6,3,6,-3,0,Pre
26,78,1,3,2,2,1,Pre
26,79,6,3,6,-3,0,Pre
26,8,4,6,4,2,0,Pre
26,80,3,1,4,-2,1,Pre
26,81,3,3,3,0,0,Pre
26,9,6,8,5,2,-1,Pre
27,10,6,6,1,0,-5,Pre
27,11,6,3,1,-3,-5,Pre
27,12,7,5,1,-2,-6,Pre
27,13,3,6,1,3,-2,Pre
27,14,5,7,1,2,-4,Pre
27,15,5,0,1,NA,-4,Pre
27,16,7,7,1,0,-6,Pre
27,17,6,8,1,2,-5,Pre
27,18,6,0,1,NA,-5,Pre
27,19,7,0,1,NA,-6,Pre
27,2,6,8,1,2,-5,Pre
27,20,6,4,1,-2,-5,Pre
27,21,4,6,1,2,-3,Pre
27,22,6,8,1,2,-5,Pre
27,23,6,4,1,-2,-5,Pre
27,24,6,0,1,NA,-5,Pre
27,25,6,4,1,-2,-5,Pre
27,26,6,4,1,-2,-5,Pre
27,27,6,3,1,-3,-5,Pre
27,28,6,4,1,-2,-5,Pre
27,29,7,0,1,NA,-6,Pre
27,3,6,4,1,-2,-5,Pre
27,30,6,4,1,-2,-5,Pre
27,31,7,5,1,-2,-6,Pre
27,32,6,3,1,-3,-5,Pre
27,33,6,4,1,-2,-5,Pre
27,34,6,4,1,-2,-5,Pre
27,35,6,4,1,-2,-5,Pre
27,36,6,3,1,-3,-5,Pre
27,37,6,6,1,0,-5,Pre
27,38,5,2,1,-3,-4,Pre
27,39,3,3,1,0,-2,Pre
27,4,6,8,1,2,-5,Pre
27,40,5,7,1,2,-4,Pre
27,41,6,6,1,0,-5,Pre
27,42,6,6,1,0,-5,Pre
27,43,6,3,1,-3,-5,Pre
27,44,6,6,1,0,-5,Pre
27,45,4,0,1,NA,-3,Pre
27,46,6,0,1,NA,-5,Pre
27,47,6,6,1,0,-5,Pre
27,48,6,6,1,0,-5,Pre
27,49,6,6,1,0,-5,Pre
27,5,6,8,1,2,-5,Pre
27,50,4,7,1,3,-3,Pre
27,51,5,2,1,-3,-4,Pre
27,52,6,3,1,-3,-5,Pre
27,53,5,8,1,3,-4,Pre
27,54,6,6,1,0,-5,Pre
27,55,6,3,1,-3,-5,Pre
27,56,6,8,1,2,-5,Pre
27,57,6,0,1,NA,-5,Pre
27,58,6,4,1,-2,-5,Pre
27,59,5,3,1,-2,-4,Pre
27,6,6,4,1,-2,-5,Pre
27,60,5,0,1,NA,-4,Pre
27,61,7,5,1,-2,-6,Pre
27,62,6,3,1,-3,-5,Pre
27,63,4,4,1,0,-3,Pre
27,64,6,3,1,-3,-5,Pre
27,65,6,4,1,-2,-5,Pre
27,66,6,8,1,2,-5,Pre
27,67,6,0,1,NA,-5,Pre
27,68,4,6,1,2,-3,Pre
27,69,5,8,1,3,-4,Pre
27,7,5,8,1,3,-4,Pre
27,70,6,6,1,0,-5,Pre
27,71,6,8,1,2,-5,Pre
27,72,6,3,1,-3,-5,Pre
27,73,3,6,1,3,-2,Pre
27,74,6,8,1,2,-5,Pre
27,75,6,6,1,0,-5,Pre
27,76,7,4,1,-3,-6,Pre
27,77,6,3,1,-3,-5,Pre
27,78,2,4,1,2,-1,Pre
27,79,6,6,1,0,-5,Pre
27,8,6,3,1,-3,-5,Pre
27,80,3,1,1,-2,-2,Pre
27,81,6,8,1,2,-5,Pre
27,9,6,6,1,0,-5,Pre
28,10,3,0,2,NA,-1,Pre
28,11,3,5,3,2,0,Pre
28,12,2,5,2,3,0,Pre
28,13,4,1,3,-3,-1,Pre
28,14,4,0,4,NA,0,Pre
28,15,4,0,5,NA,1,Pre
28,16,3,6,3,3,0,Pre
28,17,3,6,2,3,-1,Pre
28,18,3,0,2,NA,-1,Pre
28,19,2,4,2,2,0,Pre
28,2,5,8,4,3,-1,Pre
28,20,3,6,3,3,0,Pre
28,21,3,3,2,0,-1,Pre
28,22,4,1,2,-3,-2,Pre
28,23,4,6,3,2,-1,Pre
28,24,5,2,5,-3,0,Pre
28,25,3,5,3,2,0,Pre
28,26,3,1,3,-2,0,Pre
28,27,3,3,2,0,-1,Pre
28,28,5,5,3,0,-2,Pre
28,29,6,0,4,NA,-2,Pre
28,3,4,1,3,-3,-1,Pre
28,30,5,3,2,-2,-3,Pre
28,31,4,7,3,3,-1,Pre
28,32,3,3,4,0,1,Pre
28,33,3,6,3,3,0,Pre
28,34,4,6,3,2,-1,Pre
28,35,5,5,5,0,0,Pre
28,36,3,5,3,2,0,Pre
28,37,4,6,2,2,-2,Pre
28,38,2,2,3,0,1,Pre
28,39,3,6,3,3,0,Pre
28,4,4,4,5,0,1,Pre
28,40,2,5,2,3,0,Pre
28,41,4,4,4,0,0,Pre
28,42,3,0,2,NA,-1,Pre
28,43,4,6,4,2,0,Pre
28,44,4,4,2,0,-2,Pre
28,45,6,3,5,-3,-1,Pre
28,46,3,3,2,0,-1,Pre
28,47,5,8,4,3,-1,Pre
28,48,4,7,4,3,0,Pre
28,49,3,5,2,2,-1,Pre
28,5,4,4,4,0,0,Pre
28,50,5,5,4,0,-1,Pre
28,51,4,2,2,-2,-2,Pre
28,52,4,7,4,3,0,Pre
28,53,4,1,3,-3,-1,Pre
28,54,4,2,3,-2,-1,Pre
28,55,3,0,3,NA,0,Pre
28,56,6,0,4,NA,-2,Pre
28,57,3,3,3,0,0,Pre
28,58,3,3,4,0,1,Pre
28,59,3,3,3,0,0,Pre
28,6,5,5,4,0,-1,Pre
28,60,5,0,4,NA,-1,Pre
28,61,6,3,4,-3,-2,Pre
28,62,3,6,2,3,-1,Pre
28,63,3,1,2,-2,-1,Pre
28,64,3,1,3,-2,0,Pre
28,65,4,7,3,3,-1,Pre
28,66,4,7,3,3,-1,Pre
28,67,5,8,2,3,-3,Pre
28,68,3,1,3,-2,0,Pre
28,69,5,8,5,3,0,Pre
28,7,3,5,3,2,0,Pre
28,70,3,0,3,NA,0,Pre
28,71,5,8,4,3,-1,Pre
28,72,5,8,5,3,0,Pre
28,73,3,5,2,2,-1,Pre
28,74,2,5,2,3,0,Pre
28,75,3,6,3,3,0,Pre
28,76,4,7,2,3,-2,Pre
28,77,4,4,2,0,-2,Pre
28,78,3,5,2,2,-1,Pre
28,79,4,4,3,0,-1,Pre
28,8,4,7,2,3,-2,Pre
28,80,2,4,3,2,1,Pre
28,81,3,1,3,-2,0,Pre
28,9,3,1,3,-2,0,Pre
29,10,6,8,6,2,0,Pre
29,11,6,6,7,0,1,Pre
29,12,6,3,6,-3,0,Pre
29,13,5,0,6,NA,1,Pre
29,14,5,3,5,-2,0,Pre
29,15,7,5,6,-2,-1,Pre
29,16,5,5,5,0,0,Pre
29,17,6,4,6,-2,0,Pre
29,18,7,5,7,-2,0,Pre
29,19,7,4,7,-3,0,Pre
29,2,6,0,6,NA,0,Pre
29,20,6,3,7,-3,1,Pre
29,21,6,4,5,-2,-1,Pre
29,22,5,8,4,3,-1,Pre
29,23,7,7,6,0,-1,Pre
29,24,6,6,7,0,1,Pre
29,25,6,8,5,2,-1,Pre
29,26,6,4,6,-2,0,Pre
29,27,6,4,6,-2,0,Pre
29,28,6,6,6,0,0,Pre
29,29,7,5,7,-2,0,Pre
29,3,6,0,5,NA,-1,Pre
29,30,7,7,7,0,0,Pre
29,31,6,6,6,0,0,Pre
29,32,6,6,6,0,0,Pre
29,33,5,5,5,0,0,Pre
29,34,6,6,6,0,0,Pre
29,35,6,3,6,-3,0,Pre
29,36,6,3,5,-3,-1,Pre
29,37,6,3,6,-3,0,Pre
29,38,5,5,5,0,0,Pre
29,39,7,7,7,0,0,Pre
29,4,6,8,6,2,0,Pre
29,40,7,4,7,-3,0,Pre
29,41,6,0,6,NA,0,Pre
29,42,4,1,4,-3,0,Pre
29,43,5,3,6,-2,1,Pre
29,44,5,3,5,-2,0,Pre
29,45,6,6,6,0,0,Pre
29,46,6,4,6,-2,0,Pre
29,47,7,7,7,0,0,Pre
29,48,5,2,6,-3,1,Pre
29,49,5,2,5,-3,0,Pre
29,5,7,5,7,-2,0,Pre
29,50,7,4,6,-3,-1,Pre
29,51,6,8,5,2,-1,Pre
29,52,5,8,6,3,1,Pre
29,53,7,4,7,-3,0,Pre
29,54,6,8,6,2,0,Pre
29,55,6,8,7,2,1,Pre
29,56,7,5,7,-2,0,Pre
29,57,5,5,5,0,0,Pre
29,58,6,6,6,0,0,Pre
29,59,6,6,7,0,1,Pre
29,6,6,6,5,0,-1,Pre
29,60,6,3,6,-3,0,Pre
29,61,5,0,6,NA,1,Pre
29,62,6,3,6,-3,0,Pre
29,63,7,4,7,-3,0,Pre
29,64,6,8,7,2,1,Pre
29,65,6,4,6,-2,0,Pre
29,66,7,4,6,-3,-1,Pre
29,67,7,4,7,-3,0,Pre
29,68,6,0,5,NA,-1,Pre
29,69,7,0,7,NA,0,Pre
29,7,6,8,6,2,0,Pre
29,70,6,8,6,2,0,Pre
29,71,7,7,7,0,0,Pre
29,72,7,0,7,NA,0,Pre
29,73,4,1,4,-3,0,Pre
29,74,6,3,7,-3,1,Pre
29,75,6,3,6,-3,0,Pre
29,76,6,0,6,NA,0,Pre
29,77,7,7,7,0,0,Pre
29,78,5,5,4,0,-1,Pre
29,79,6,3,7,-3,1,Pre
29,8,5,7,6,2,1,Pre
29,80,5,0,6,NA,1,Pre
29,81,6,3,6,-3,0,Pre
29,9,5,3,5,-2,0,Pre
3,10,6,3,6,-3,0,Pre
3,11,2,5,2,3,0,Pre
3,12,2,4,2,2,0,Pre
3,13,2,0,2,NA,0,Pre
3,14,5,5,3,0,-2,Pre
3,15,3,3,4,0,1,Pre
3,16,2,5,3,3,1,Pre
3,17,4,1,4,-3,0,Pre
3,18,5,5,5,0,0,Pre
3,19,3,5,4,2,1,Pre
3,2,2,2,2,0,0,Pre
3,20,3,5,3,2,0,Pre
3,21,3,3,4,0,1,Pre
3,22,2,5,2,3,0,Pre
3,23,4,2,3,-2,-1,Pre
3,24,4,1,3,-3,-1,Pre
3,25,3,3,2,0,-1,Pre
3,26,5,7,6,2,1,Pre
3,27,4,2,4,-2,0,Pre
3,28,3,6,6,3,3,Pre
3,29,4,2,5,-2,1,Pre
3,3,5,0,2,NA,-3,Pre
3,30,5,3,3,-2,-2,Pre
3,31,3,6,4,3,1,Pre
3,32,3,5,6,2,3,Pre
3,33,4,4,5,0,1,Pre
3,34,3,0,2,NA,-1,Pre
3,35,3,3,3,0,0,Pre
3,36,2,2,3,0,1,Pre
3,37,3,1,5,-2,2,Pre
3,38,2,5,3,3,1,Pre
3,39,3,6,2,3,-1,Pre
3,4,6,4,5,-2,-1,Pre
3,40,5,0,4,NA,-1,Pre
3,41,3,6,3,3,0,Pre
3,42,3,1,3,-2,0,Pre
3,43,2,4,5,2,3,Pre
3,44,4,4,3,0,-1,Pre
3,45,2,4,2,2,0,Pre
3,46,5,0,3,NA,-2,Pre
3,47,5,5,6,0,1,Pre
3,48,2,2,2,0,0,Pre
3,49,4,7,3,3,-1,Pre
3,5,5,3,5,-2,0,Pre
3,50,2,5,3,3,1,Pre
3,51,3,6,4,3,1,Pre
3,52,3,6,3,3,0,Pre
3,53,3,1,2,-2,-1,Pre
3,54,2,4,3,2,1,Pre
3,55,4,1,4,-3,0,Pre
3,56,5,2,6,-3,1,Pre
3,57,3,1,3,-2,0,Pre
3,58,3,3,2,0,-1,Pre
3,59,6,4,5,-2,-1,Pre
3,6,3,3,3,0,0,Pre
3,60,3,5,3,2,0,Pre
3,61,2,2,2,0,0,Pre
3,62,2,0,2,NA,0,Pre
3,63,5,3,5,-2,0,Pre
3,64,5,2,3,-3,-2,Pre
3,65,5,2,4,-3,-1,Pre
3,66,5,0,3,NA,-2,Pre
3,67,5,7,6,2,1,Pre
3,68,2,5,3,3,1,Pre
3,69,3,6,4,3,1,Pre
3,7,3,0,5,NA,2,Pre
3,70,3,0,5,NA,2,Pre
3,71,4,1,4,-3,0,Pre
3,72,2,4,2,2,0,Pre
3,73,1,4,1,3,0,Pre
3,74,6,4,7,-2,1,Pre
3,75,3,5,2,2,-1,Pre
3,76,4,4,3,0,-1,Pre
3,77,2,5,3,3,1,Pre
3,78,2,4,2,2,0,Pre
3,79,5,8,6,3,1,Pre
3,8,2,0,2,NA,0,Pre
3,80,5,3,4,-2,-1,Pre
3,81,3,1,3,-2,0,Pre
3,9,2,2,2,0,0,Pre
30,10,5,8,5,3,0,Pre
30,11,6,6,5,0,-1,Pre
30,12,3,3,4,0,1,Pre
30,13,4,6,3,2,-1,Pre
30,14,4,4,3,0,-1,Pre
30,15,8,6,3,-2,-5,Pre
30,16,4,1,6,-3,2,Pre
30,17,3,6,7,3,4,Pre
30,18,6,8,6,2,0,Pre
30,19,7,4,6,-3,-1,Pre
30,2,8,5,8,-3,0,Pre
30,20,5,2,5,-3,0,Pre
30,21,5,5,5,0,0,Pre
30,22,8,0,6,NA,-2,Pre
30,23,8,6,7,-2,-1,Pre
30,24,5,8,6,3,1,Pre
30,25,4,2,4,-2,0,Pre
30,26,5,3,7,-2,2,Pre
30,27,7,7,7,0,0,Pre
30,28,7,4,6,-3,-1,Pre
30,29,8,8,6,0,-2,Pre
30,3,6,8,6,2,0,Pre
30,30,5,8,7,3,2,Pre
30,31,4,4,8,0,4,Pre
30,32,5,3,5,-2,0,Pre
30,33,6,4,6,-2,0,Pre
30,34,6,3,5,-3,-1,Pre
30,35,7,5,5,-2,-2,Pre
30,36,3,0,6,NA,3,Pre
30,37,8,0,8,NA,0,Pre
30,38,3,0,3,NA,0,Pre
30,39,4,7,4,3,0,Pre
30,4,6,6,4,0,-2,Pre
30,40,6,4,4,-2,-2,Pre
30,41,3,3,3,0,0,Pre
30,42,6,0,4,NA,-2,Pre
30,43,4,7,6,3,2,Pre
30,44,3,1,3,-2,0,Pre
30,45,5,2,6,-3,1,Pre
30,46,3,3,3,0,0,Pre
30,47,8,8,8,0,0,Pre
30,48,1,3,1,2,0,Pre
30,49,6,4,5,-2,-1,Pre
30,5,7,4,5,-3,-2,Pre
30,50,5,0,5,NA,0,Pre
30,51,4,7,3,3,-1,Pre
30,52,4,0,6,NA,2,Pre
30,53,4,6,5,2,1,Pre
30,54,8,5,8,-3,0,Pre
30,55,7,7,4,0,-3,Pre
30,56,8,6,7,-2,-1,Pre
30,57,5,0,3,NA,-2,Pre
30,58,6,8,4,2,-2,Pre
30,59,8,8,8,0,0,Pre
30,6,5,7,5,2,0,Pre
30,60,5,8,5,3,0,Pre
30,61,6,0,4,NA,-2,Pre
30,62,3,1,3,-2,0,Pre
30,63,7,4,8,-3,1,Pre
30,64,6,4,6,-2,0,Pre
30,65,8,5,6,-3,-2,Pre
30,66,7,7,3,0,-4,Pre
30,67,3,1,6,-2,3,Pre
30,68,4,6,3,2,-1,Pre
30,69,2,5,3,3,1,Pre
30,7,6,8,4,2,-2,Pre
30,70,7,7,7,0,0,Pre
30,71,6,3,6,-3,0,Pre
30,72,8,8,8,0,0,Pre
30,73,4,2,2,-2,-2,Pre
30,74,5,7,6,2,1,Pre
30,75,5,3,2,-2,-3,Pre
30,76,5,0,4,NA,-1,Pre
30,77,2,4,2,2,0,Pre
30,78,2,4,1,2,-1,Pre
30,79,6,4,6,-2,0,Pre
30,8,6,3,6,-3,0,Pre
30,80,4,4,6,0,2,Pre
30,81,8,8,7,0,-1,Pre
30,9,6,6,4,0,-2,Pre
31,10,6,3,5,-3,-1,Pre
31,11,5,3,4,-2,-1,Pre
31,12,4,1,4,-3,0,Pre
31,13,3,3,2,0,-1,Pre
31,14,5,5,4,0,-1,Pre
31,15,5,8,4,3,-1,Pre
31,16,5,5,4,0,-1,Pre
31,17,5,2,6,-3,1,Pre
31,18,5,7,3,2,-2,Pre
31,19,4,4,5,0,1,Pre
31,2,5,2,5,-3,0,Pre
31,20,6,8,6,2,0,Pre
31,21,4,0,4,NA,0,Pre
31,22,4,1,4,-3,0,Pre
31,23,4,2,4,-2,0,Pre
31,24,5,5,7,0,2,Pre
31,25,4,0,4,NA,0,Pre
31,26,6,8,6,2,0,Pre
31,27,5,3,5,-2,0,Pre
31,28,5,8,5,3,0,Pre
31,29,4,4,6,0,2,Pre
31,3,6,6,4,0,-2,Pre
31,30,4,0,5,NA,1,Pre
31,31,5,7,5,2,0,Pre
31,32,3,3,3,0,0,Pre
31,33,5,3,5,-2,0,Pre
31,34,4,1,4,-3,0,Pre
31,35,5,8,6,3,1,Pre
31,36,4,7,3,3,-1,Pre
31,37,7,5,7,-2,0,Pre
31,38,3,5,2,2,-1,Pre
31,39,5,2,4,-3,-1,Pre
31,4,5,7,5,2,0,Pre
31,40,5,7,4,2,-1,Pre
31,41,4,2,4,-2,0,Pre
31,42,3,3,4,0,1,Pre
31,43,5,2,7,-3,2,Pre
31,44,5,7,4,2,-1,Pre
31,45,5,8,6,3,1,Pre
31,46,4,1,5,-3,1,Pre
31,47,7,0,6,NA,-1,Pre
31,48,4,7,6,3,2,Pre
31,49,3,1,4,-2,1,Pre
31,5,5,8,4,3,-1,Pre
31,50,5,0,5,NA,0,Pre
31,51,6,6,6,0,0,Pre
31,52,4,4,3,0,-1,Pre
31,53,4,7,4,3,0,Pre
31,54,3,1,3,-2,0,Pre
31,55,4,6,5,2,1,Pre
31,56,6,6,7,0,1,Pre
31,57,3,0,4,NA,1,Pre
31,58,3,5,2,2,-1,Pre
31,59,7,7,6,0,-1,Pre
31,6,4,6,3,2,-1,Pre
31,60,5,8,4,3,-1,Pre
31,61,3,0,3,NA,0,Pre
31,62,4,0,4,NA,0,Pre
31,63,5,5,5,0,0,Pre
31,64,6,8,5,2,-1,Pre
31,65,5,3,6,-2,1,Pre
31,66,4,7,6,3,2,Pre
31,67,4,7,6,3,2,Pre
31,68,4,0,4,NA,0,Pre
31,69,4,6,4,2,0,Pre
31,7,4,4,4,0,0,Pre
31,70,4,4,4,0,0,Pre
31,71,6,4,6,-2,0,Pre
31,72,5,7,5,2,0,Pre
31,73,3,3,2,0,-1,Pre
31,74,5,3,5,-2,0,Pre
31,75,4,1,5,-3,1,Pre
31,76,5,3,7,-2,2,Pre
31,77,6,0,4,NA,-2,Pre
31,78,3,3,3,0,0,Pre
31,79,6,8,6,2,0,Pre
31,8,5,3,3,-2,-2,Pre
31,80,6,4,5,-2,-1,Pre
31,81,6,8,7,2,1,Pre
31,9,4,6,5,2,1,Pre
32,10,4,2,6,-2,2,Pre
32,11,3,3,5,0,2,Pre
32,12,5,2,5,-3,0,Pre
32,13,1,4,4,3,3,Pre
32,14,1,1,1,0,0,Pre
32,15,5,2,4,-3,-1,Pre
32,16,5,5,3,0,-2,Pre
32,17,7,4,6,-3,-1,Pre
32,18,7,7,8,0,1,Pre
32,19,7,0,7,NA,0,Pre
32,2,6,6,6,0,0,Pre
32,20,8,5,8,-3,0,Pre
32,21,4,7,2,3,-2,Pre
32,22,2,2,2,0,0,Pre
32,23,4,1,4,-3,0,Pre
32,24,7,7,5,0,-2,Pre
32,25,3,5,3,2,0,Pre
32,26,6,4,5,-2,-1,Pre
32,27,6,8,5,2,-1,Pre
32,28,6,0,5,NA,-1,Pre
32,29,7,0,7,NA,0,Pre
32,3,4,2,3,-2,-1,Pre
32,30,3,3,2,0,-1,Pre
32,31,2,5,3,3,1,Pre
32,32,3,0,2,NA,-1,Pre
32,33,3,1,4,-2,1,Pre
32,34,3,3,3,0,0,Pre
32,35,7,5,8,-2,1,Pre
32,36,4,4,3,0,-1,Pre
32,37,6,4,6,-2,0,Pre
32,38,3,1,3,-2,0,Pre
32,39,3,6,3,3,0,Pre
32,4,4,7,4,3,0,Pre
32,40,8,8,6,0,-2,Pre
32,41,3,3,3,0,0,Pre
32,42,2,0,2,NA,0,Pre
32,43,5,3,3,-2,-2,Pre
32,44,3,5,3,2,0,Pre
32,45,4,4,5,0,1,Pre
32,46,4,0,3,NA,-1,Pre
32,47,6,4,7,-2,1,Pre
32,48,3,0,3,NA,0,Pre
32,49,3,6,4,3,1,Pre
32,5,7,5,7,-2,0,Pre
32,50,5,3,4,-2,-1,Pre
32,51,3,6,1,3,-2,Pre
32,52,2,4,1,2,-1,Pre
32,53,2,5,4,3,2,Pre
32,54,4,0,3,NA,-1,Pre
32,55,4,7,5,3,1,Pre
32,56,5,8,6,3,1,Pre
32,57,7,4,7,-3,0,Pre
32,58,4,1,5,-3,1,Pre
32,59,6,4,6,-2,0,Pre
32,6,6,4,5,-2,-1,Pre
32,60,5,8,4,3,-1,Pre
32,61,5,3,5,-2,0,Pre
32,62,1,1,1,0,0,Pre
32,63,6,8,4,2,-2,Pre
32,64,3,1,3,-2,0,Pre
32,65,4,0,3,NA,-1,Pre
32,66,6,6,5,0,-1,Pre
32,67,6,0,5,NA,-1,Pre
32,68,4,6,3,2,-1,Pre
32,69,4,2,4,-2,0,Pre
32,7,3,3,3,0,0,Pre
32,70,6,3,6,-3,0,Pre
32,71,6,6,5,0,-1,Pre
32,72,5,5,5,0,0,Pre
32,73,1,1,1,0,0,Pre
32,74,7,4,7,-3,0,Pre
32,75,4,4,2,0,-2,Pre
32,76,4,1,6,-3,2,Pre
32,77,3,6,4,3,1,Pre
32,78,4,7,2,3,-2,Pre
32,79,4,2,4,-2,0,Pre
32,8,5,8,4,3,-1,Pre
32,80,5,8,3,3,-2,Pre
32,81,3,1,2,-2,-1,Pre
32,9,5,5,7,0,2,Pre
34,10,6,4,4,-2,-2,Pre
34,11,5,7,5,2,0,Pre
34,12,4,1,3,-3,-1,Pre
34,13,2,0,2,NA,0,Pre
34,14,3,3,4,0,1,Pre
34,15,5,5,3,0,-2,Pre
34,16,3,0,3,NA,0,Pre
34,17,4,0,4,NA,0,Pre
34,18,5,3,5,-2,0,Pre
34,19,5,8,5,3,0,Pre
34,2,4,7,3,3,-1,Pre
34,20,6,6,5,0,-1,Pre
34,21,4,7,3,3,-1,Pre
34,22,2,5,3,3,1,Pre
34,23,6,6,4,0,-2,Pre
34,24,5,5,5,0,0,Pre
34,25,3,6,4,3,1,Pre
34,26,6,3,6,-3,0,Pre
34,27,5,2,3,-3,-2,Pre
34,28,5,3,5,-2,0,Pre
34,29,6,6,6,0,0,Pre
34,3,3,0,3,NA,0,Pre
34,30,6,4,6,-2,0,Pre
34,31,5,2,5,-3,0,Pre
34,32,6,8,4,2,-2,Pre
34,33,6,0,4,NA,-2,Pre
34,34,5,5,3,0,-2,Pre
34,35,5,3,4,-2,-1,Pre
34,36,5,8,3,3,-2,Pre
34,37,3,5,4,2,1,Pre
34,38,2,5,1,3,-1,Pre
34,39,3,1,3,-2,0,Pre
34,4,6,3,5,-3,-1,Pre
34,40,6,8,6,2,0,Pre
34,41,4,1,4,-3,0,Pre
34,42,3,3,2,0,-1,Pre
34,43,3,1,5,-2,2,Pre
34,44,3,5,3,2,0,Pre
34,45,4,2,3,-2,-1,Pre
34,46,5,3,5,-2,0,Pre
34,47,5,7,4,2,-1,Pre
34,48,3,5,3,2,0,Pre
34,49,3,6,4,3,1,Pre
34,5,6,3,6,-3,0,Pre
34,50,5,0,4,NA,-1,Pre
34,51,2,2,2,0,0,Pre
34,52,3,6,3,3,0,Pre
34,53,4,7,3,3,-1,Pre
34,54,4,6,5,2,1,Pre
34,55,6,3,5,-3,-1,Pre
34,56,6,3,5,-3,-1,Pre
34,57,3,5,5,2,2,Pre
34,58,5,5,4,0,-1,Pre
34,59,5,3,4,-2,-1,Pre
34,6,3,1,2,-2,-1,Pre
34,60,6,6,4,0,-2,Pre
34,61,4,4,6,0,2,Pre
34,62,2,5,1,3,-1,Pre
34,63,6,8,5,2,-1,Pre
34,64,4,7,3,3,-1,Pre
34,65,4,0,5,NA,1,Pre
34,66,3,6,3,3,0,Pre
34,67,6,0,4,NA,-2,Pre
34,68,4,6,3,2,-1,Pre
34,69,3,6,3,3,0,Pre
34,7,3,1,3,-2,0,Pre
34,70,4,0,5,NA,1,Pre
34,71,4,0,3,NA,-1,Pre
34,72,3,1,3,-2,0,Pre
34,73,2,2,1,0,-1,Pre
34,74,6,3,4,-3,-2,Pre
34,75,3,6,3,3,0,Pre
34,76,3,6,3,3,0,Pre
34,77,4,6,4,2,0,Pre
34,78,2,4,1,2,-1,Pre
34,79,6,6,6,0,0,Pre
34,8,2,5,3,3,1,Pre
34,80,3,1,3,-2,0,Pre
34,81,4,7,4,3,0,Pre
34,9,3,3,2,0,-1,Pre
35,10,5,8,2,3,-3,Pre
35,11,6,8,5,2,-1,Pre
35,12,2,5,2,3,0,Pre
35,13,4,2,4,-2,0,Pre
35,14,3,1,3,-2,0,Pre
35,15,5,2,5,-3,0,Pre
35,16,5,0,5,NA,0,Pre
35,17,2,5,2,3,0,Pre
35,18,1,0,1,NA,0,Pre
35,19,5,5,2,0,-3,Pre
35,2,5,0,4,NA,-1,Pre
35,20,6,3,6,-3,0,Pre
35,21,3,3,2,0,-1,Pre
35,22,4,1,2,-3,-2,Pre
35,23,5,2,4,-3,-1,Pre
35,24,5,7,7,2,2,Pre
35,25,3,6,6,3,3,Pre
35,26,5,2,7,-3,2,Pre
35,27,3,0,2,NA,-1,Pre
35,28,4,1,3,-3,-1,Pre
35,29,5,0,4,NA,-1,Pre
35,3,4,0,4,NA,0,Pre
35,30,5,8,3,3,-2,Pre
35,31,3,1,4,-2,1,Pre
35,32,7,5,5,-2,-2,Pre
35,33,5,5,5,0,0,Pre
35,34,4,1,2,-3,-2,Pre
35,35,6,4,7,-2,1,Pre
35,36,5,8,4,3,-1,Pre
35,37,4,6,5,2,1,Pre
35,38,3,1,1,-2,-2,Pre
35,39,4,7,4,3,0,Pre
35,4,6,8,4,2,-2,Pre
35,40,5,2,5,-3,0,Pre
35,41,5,5,3,0,-2,Pre
35,42,5,3,4,-2,-1,Pre
35,43,7,4,5,-3,-2,Pre
35,44,3,5,3,2,0,Pre
35,45,6,0,3,NA,-3,Pre
35,46,4,6,3,2,-1,Pre
35,47,4,7,7,3,3,Pre
35,48,6,8,6,2,0,Pre
35,49,5,3,5,-2,0,Pre
35,5,4,2,2,-2,-2,Pre
35,50,5,3,6,-2,1,Pre
35,51,4,4,2,0,-2,Pre
35,52,4,1,3,-3,-1,Pre
35,53,4,2,2,-2,-2,Pre
35,54,3,5,6,2,3,Pre
35,55,3,5,4,2,1,Pre
35,56,6,6,7,0,1,Pre
35,57,6,4,4,-2,-2,Pre
35,58,4,1,4,-3,0,Pre
35,59,5,8,6,3,1,Pre
35,6,3,1,4,-2,1,Pre
35,60,4,0,4,NA,0,Pre
35,61,6,4,4,-2,-2,Pre
35,62,3,0,3,NA,0,Pre
35,63,7,7,5,0,-2,Pre
35,64,7,4,6,-3,-1,Pre
35,65,4,7,3,3,-1,Pre
35,66,3,1,1,-2,-2,Pre
35,67,5,0,3,NA,-2,Pre
35,68,2,5,2,3,0,Pre
35,69,4,1,4,-3,0,Pre
35,7,4,7,3,3,-1,Pre
35,70,6,8,2,2,-4,Pre
35,71,5,7,5,2,0,Pre
35,72,2,5,4,3,2,Pre
35,73,2,4,2,2,0,Pre
35,74,3,5,5,2,2,Pre
35,75,4,2,2,-2,-2,Pre
35,76,6,3,6,-3,0,Pre
35,77,3,3,3,0,0,Pre
35,78,3,6,2,3,-1,Pre
35,79,6,6,5,0,-1,Pre
35,8,1,1,2,0,1,Pre
35,80,2,5,4,3,2,Pre
35,81,3,1,4,-2,1,Pre
35,9,3,6,4,3,1,Pre
36,10,5,3,4,-2,-1,Pre
36,11,6,8,4,2,-2,Pre
36,12,4,6,3,2,-1,Pre
36,13,3,5,2,2,-1,Pre
36,14,2,2,2,0,0,Pre
36,15,4,0,3,NA,-1,Pre
36,16,4,6,3,2,-1,Pre
36,17,3,0,2,NA,-1,Pre
36,18,7,5,6,-2,-1,Pre
36,19,3,1,2,-2,-1,Pre
36,2,4,6,3,2,-1,Pre
36,20,6,3,7,-3,1,Pre
36,21,4,1,2,-3,-2,Pre
36,22,3,1,2,-2,-1,Pre
36,23,5,5,6,0,1,Pre
36,24,7,7,5,0,-2,Pre
36,25,6,6,6,0,0,Pre
36,26,6,4,5,-2,-1,Pre
36,27,3,5,2,2,-1,Pre
36,28,6,8,5,2,-1,Pre
36,29,7,7,6,0,-1,Pre
36,3,5,2,5,-3,0,Pre
36,30,5,2,3,-3,-2,Pre
36,31,6,6,5,0,-1,Pre
36,32,4,1,3,-3,-1,Pre
36,33,3,1,3,-2,0,Pre
36,34,5,8,5,3,0,Pre
36,35,6,8,7,2,1,Pre
36,36,2,4,4,2,2,Pre
36,37,6,0,5,NA,-1,Pre
36,38,3,6,1,3,-2,Pre
36,39,5,0,3,NA,-2,Pre
36,4,6,6,6,0,0,Pre
36,40,4,0,6,NA,2,Pre
36,41,7,7,8,0,1,Pre
36,42,2,4,3,2,1,Pre
36,43,7,5,5,-2,-2,Pre
36,44,5,3,4,-2,-1,Pre
36,45,5,8,3,3,-2,Pre
36,46,5,8,4,3,-1,Pre
36,47,7,4,7,-3,0,Pre
36,48,4,2,3,-2,-1,Pre
36,49,3,5,3,2,0,Pre
36,5,4,6,3,2,-1,Pre
36,50,8,6,7,-2,-1,Pre
36,51,4,4,2,0,-2,Pre
36,52,5,2,4,-3,-1,Pre
36,53,2,2,1,0,-1,Pre
36,54,2,5,3,3,1,Pre
36,55,3,6,4,3,1,Pre
36,56,8,6,7,-2,-1,Pre
36,57,3,1,3,-2,0,Pre
36,58,3,6,4,3,1,Pre
36,59,6,3,5,-3,-1,Pre
36,6,2,2,3,0,1,Pre
36,60,2,4,3,2,1,Pre
36,61,5,3,4,-2,-1,Pre
36,62,1,1,1,0,0,Pre
36,63,6,0,4,NA,-2,Pre
36,64,3,0,2,NA,-1,Pre
36,65,5,5,3,0,-2,Pre
36,66,3,1,3,-2,0,Pre
36,67,6,0,6,NA,0,Pre
36,68,7,5,5,-2,-2,Pre
36,69,6,8,4,2,-2,Pre
36,7,6,6,3,0,-3,Pre
36,70,4,6,4,2,0,Pre
36,71,5,3,6,-2,1,Pre
36,72,5,3,5,-2,0,Pre
36,73,2,5,2,3,0,Pre
36,74,5,7,3,2,-2,Pre
36,75,6,0,5,NA,-1,Pre
36,76,7,4,8,-3,1,Pre
36,77,3,0,3,NA,0,Pre
36,78,5,2,5,-3,0,Pre
36,79,7,5,7,-2,0,Pre
36,8,4,4,3,0,-1,Pre
36,80,3,1,3,-2,0,Pre
36,81,5,5,6,0,1,Pre
36,9,5,3,4,-2,-1,Pre
37,10,4,6,4,2,0,Pre
37,11,5,8,5,3,0,Pre
37,12,4,1,5,-3,1,Pre
37,13,3,5,3,2,0,Pre
37,14,5,3,3,-2,-2,Pre
37,15,3,5,5,2,2,Pre
37,16,4,2,4,-2,0,Pre
37,17,4,0,4,NA,0,Pre
37,18,4,6,4,2,0,Pre
37,19,5,3,5,-2,0,Pre
37,2,6,8,6,2,0,Pre
37,20,6,8,6,2,0,Pre
37,21,4,2,4,-2,0,Pre
37,22,2,2,4,0,2,Pre
37,23,7,4,5,-3,-2,Pre
37,24,5,8,5,3,0,Pre
37,25,3,1,3,-2,0,Pre
37,26,5,3,3,-2,-2,Pre
37,27,3,0,4,NA,1,Pre
37,28,4,7,3,3,-1,Pre
37,29,7,4,7,-3,0,Pre
37,3,6,8,4,2,-2,Pre
37,30,3,0,3,NA,0,Pre
37,31,5,8,6,3,1,Pre
37,32,6,6,5,0,-1,Pre
37,33,5,0,5,NA,0,Pre
37,34,4,7,4,3,0,Pre
37,35,6,8,5,2,-1,Pre
37,36,4,0,3,NA,-1,Pre
37,37,7,5,6,-2,-1,Pre
37,38,2,4,4,2,2,Pre
37,39,5,0,3,NA,-2,Pre
37,4,6,6,5,0,-1,Pre
37,40,5,7,4,2,-1,Pre
37,41,7,4,6,-3,-1,Pre
37,42,5,2,2,-3,-3,Pre
37,43,7,5,4,-2,-3,Pre
37,44,4,6,4,2,0,Pre
37,45,5,5,6,0,1,Pre
37,46,4,2,6,-2,2,Pre
37,47,6,3,6,-3,0,Pre
37,48,2,5,4,3,2,Pre
37,49,3,1,4,-2,1,Pre
37,5,5,8,5,3,0,Pre
37,50,3,3,5,0,2,Pre
37,51,3,1,2,-2,-1,Pre
37,52,3,3,2,0,-1,Pre
37,53,6,3,6,-3,0,Pre
37,54,4,6,4,2,0,Pre
37,55,6,6,5,0,-1,Pre
37,56,7,0,6,NA,-1,Pre
37,57,3,5,3,2,0,Pre
37,58,1,4,3,3,2,Pre
37,59,6,4,7,-2,1,Pre
37,6,5,2,3,-3,-2,Pre
37,60,6,0,5,NA,-1,Pre
37,61,2,2,2,0,0,Pre
37,62,3,3,5,0,2,Pre
37,63,6,0,6,NA,0,Pre
37,64,4,2,5,-2,1,Pre
37,65,6,4,5,-2,-1,Pre
37,66,6,8,4,2,-2,Pre
37,67,6,8,6,2,0,Pre
37,68,4,4,2,0,-2,Pre
37,69,7,4,5,-3,-2,Pre
37,7,6,8,4,2,-2,Pre
37,70,4,4,4,0,0,Pre
37,71,6,8,7,2,1,Pre
37,72,7,4,7,-3,0,Pre
37,73,2,2,3,0,1,Pre
37,74,7,0,7,NA,0,Pre
37,75,7,5,7,-2,0,Pre
37,76,6,8,5,2,-1,Pre
37,77,5,7,4,2,-1,Pre
37,78,2,2,3,0,1,Pre
37,79,5,2,4,-3,-1,Pre
37,8,5,3,5,-2,0,Pre
37,80,3,1,3,-2,0,Pre
37,81,6,3,3,-3,-3,Pre
37,9,4,2,4,-2,0,Pre
38,10,8,8,8,0,0,Pre
38,11,7,5,7,-2,0,Pre
38,12,7,7,7,0,0,Pre
38,13,7,4,7,-3,0,Pre
38,14,6,3,6,-3,0,Pre
38,15,8,0,6,NA,-2,Pre
38,16,7,0,7,NA,0,Pre
38,17,8,0,8,NA,0,Pre
38,18,7,7,7,0,0,Pre
38,19,7,4,6,-3,-1,Pre
38,2,6,6,7,0,1,Pre
38,20,7,4,8,-3,1,Pre
38,21,7,0,6,NA,-1,Pre
38,22,8,6,7,-2,-1,Pre
38,23,8,0,8,NA,0,Pre
38,24,8,8,8,0,0,Pre
38,25,7,7,7,0,0,Pre
38,26,8,6,7,-2,-1,Pre
38,27,7,4,6,-3,-1,Pre
38,28,8,8,7,0,-1,Pre
38,29,8,6,8,-2,0,Pre
38,3,7,7,7,0,0,Pre
38,30,7,4,6,-3,-1,Pre
38,31,6,6,5,0,-1,Pre
38,32,6,3,7,-3,1,Pre
38,33,8,8,8,0,0,Pre
38,34,7,5,7,-2,0,Pre
38,35,8,5,7,-3,-1,Pre
38,36,7,5,6,-2,-1,Pre
38,37,7,7,6,0,-1,Pre
38,38,7,5,6,-2,-1,Pre
38,39,7,4,5,-3,-2,Pre
38,4,7,7,6,0,-1,Pre
38,40,7,7,7,0,0,Pre
38,41,8,5,8,-3,0,Pre
38,42,7,4,7,-3,0,Pre
38,43,7,5,8,-2,1,Pre
38,44,8,8,7,0,-1,Pre
38,45,8,0,7,NA,-1,Pre
38,46,7,4,6,-3,-1,Pre
38,47,8,5,7,-3,-1,Pre
38,48,8,6,7,-2,-1,Pre
38,49,7,7,6,0,-1,Pre
38,5,8,0,8,NA,0,Pre
38,50,7,4,7,-3,0,Pre
38,51,8,6,6,-2,-2,Pre
38,52,7,5,7,-2,0,Pre
38,53,7,5,7,-2,0,Pre
38,54,7,7,6,0,-1,Pre
38,55,7,5,7,-2,0,Pre
38,56,8,5,8,-3,0,Pre
38,57,7,7,5,0,-2,Pre
38,58,6,4,6,-2,0,Pre
38,59,8,5,8,-3,0,Pre
38,6,6,8,7,2,1,Pre
38,60,7,5,6,-2,-1,Pre
38,61,8,6,7,-2,-1,Pre
38,62,5,5,5,0,0,Pre
38,63,8,8,8,0,0,Pre
38,64,7,7,6,0,-1,Pre
38,65,7,7,7,0,0,Pre
38,66,6,8,5,2,-1,Pre
38,67,8,0,7,NA,-1,Pre
38,68,7,7,6,0,-1,Pre
38,69,6,4,6,-2,0,Pre
38,7,7,4,7,-3,0,Pre
38,70,8,6,8,-2,0,Pre
38,71,7,7,6,0,-1,Pre
38,72,8,0,7,NA,-1,Pre
38,73,6,8,5,2,-1,Pre
38,74,7,4,7,-3,0,Pre
38,75,6,3,5,-3,-1,Pre
38,76,8,8,7,0,-1,Pre
38,77,8,5,8,-3,0,Pre
38,78,6,6,5,0,-1,Pre
38,79,7,5,8,-2,1,Pre
38,8,8,6,7,-2,-1,Pre
38,80,7,5,7,-2,0,Pre
38,81,6,4,6,-2,0,Pre
38,9,6,0,6,NA,0,Pre
39,10,4,4,7,0,3,Pre
39,11,6,6,6,0,0,Pre
39,12,4,1,3,-3,-1,Pre
39,13,1,3,3,2,2,Pre
39,14,4,4,3,0,-1,Pre
39,15,5,2,3,-3,-2,Pre
39,16,7,7,6,0,-1,Pre
39,17,5,7,7,2,2,Pre
39,18,4,0,3,NA,-1,Pre
39,19,7,7,7,0,0,Pre
39,2,7,4,7,-3,0,Pre
39,20,6,6,3,0,-3,Pre
39,21,3,6,3,3,0,Pre
39,22,5,3,3,-2,-2,Pre
39,23,5,0,3,NA,-2,Pre
39,24,1,1,3,0,2,Pre
39,25,5,5,2,0,-3,Pre
39,26,5,7,5,2,0,Pre
39,27,4,2,7,-2,3,Pre
39,28,6,3,6,-3,0,Pre
39,29,8,5,7,-3,-1,Pre
39,3,3,6,3,3,0,Pre
39,30,2,2,2,0,0,Pre
39,31,4,1,5,-3,1,Pre
39,32,5,7,2,2,-3,Pre
39,33,6,3,6,-3,0,Pre
39,34,4,2,3,-2,-1,Pre
39,35,7,4,7,-3,0,Pre
39,36,2,4,3,2,1,Pre
39,37,6,8,7,2,1,Pre
39,38,1,4,4,3,3,Pre
39,39,7,4,3,-3,-4,Pre
39,4,3,1,2,-2,-1,Pre
39,40,4,6,3,2,-1,Pre
39,41,3,5,3,2,0,Pre
39,42,3,3,3,0,0,Pre
39,43,6,0,5,NA,-1,Pre
39,44,3,1,3,-2,0,Pre
39,45,4,6,6,2,2,Pre
39,46,6,4,7,-2,1,Pre
39,47,8,0,8,NA,0,Pre
39,48,3,1,1,-2,-2,Pre
39,49,3,5,4,2,1,Pre
39,5,6,3,8,-3,2,Pre
39,50,5,2,6,-3,1,Pre
39,51,2,4,4,2,2,Pre
39,52,5,5,3,0,-2,Pre
39,53,1,3,1,2,0,Pre
39,54,1,3,6,2,5,Pre
39,55,3,5,7,2,4,Pre
39,56,8,6,4,-2,-4,Pre
39,57,4,1,4,-3,0,Pre
39,58,6,8,7,2,1,Pre
39,59,6,3,7,-3,1,Pre
39,6,5,5,5,0,0,Pre
39,60,5,3,4,-2,-1,Pre
39,61,2,0,2,NA,0,Pre
39,62,3,0,4,NA,1,Pre
39,63,8,8,8,0,0,Pre
39,64,6,8,8,2,2,Pre
39,65,4,6,5,2,1,Pre
39,66,3,6,4,3,1,Pre
39,67,6,3,2,-3,-4,Pre
39,68,3,1,6,-2,3,Pre
39,69,2,0,1,NA,-1,Pre
39,7,6,3,7,-3,1,Pre
39,70,6,3,5,-3,-1,Pre
39,71,5,8,6,3,1,Pre
39,72,6,3,7,-3,1,Pre
39,73,3,6,2,3,-1,Pre
39,74,6,8,6,2,0,Pre
39,75,6,0,3,NA,-3,Pre
39,76,6,3,5,-3,-1,Pre
39,77,2,5,2,3,0,Pre
39,78,5,0,1,NA,-4,Pre
39,79,3,6,4,3,1,Pre
39,8,5,8,5,3,0,Pre
39,80,1,1,2,0,1,Pre
39,81,1,0,3,NA,2,Pre
39,9,5,7,6,2,1,Pre
4,10,6,6,5,0,-1,Pre
4,11,5,3,5,-2,0,Pre
4,12,5,3,5,-2,0,Pre
4,13,5,5,5,0,0,Pre
4,14,4,0,5,NA,1,Pre
4,15,5,0,5,NA,0,Pre
4,16,5,3,5,-2,0,Pre
4,17,6,6,4,0,-2,Pre
4,18,5,7,5,2,0,Pre
4,19,6,4,5,-2,-1,Pre
4,2,5,2,5,-3,0,Pre
4,20,5,3,5,-2,0,Pre
4,21,5,3,5,-2,0,Pre
4,22,6,4,5,-2,-1,Pre
4,23,5,3,5,-2,0,Pre
4,24,5,5,5,0,0,Pre
4,25,5,7,5,2,0,Pre
4,26,5,2,5,-3,0,Pre
4,27,5,5,5,0,0,Pre
4,28,5,8,5,3,0,Pre
4,29,6,0,5,NA,-1,Pre
4,3,5,2,5,-3,0,Pre
4,30,5,8,5,3,0,Pre
4,31,5,7,5,2,0,Pre
4,32,5,2,5,-3,0,Pre
4,33,5,5,4,0,-1,Pre
4,34,5,3,5,-2,0,Pre
4,35,5,2,5,-3,0,Pre
4,36,5,7,5,2,0,Pre
4,37,6,0,5,NA,-1,Pre
4,38,3,1,5,-2,2,Pre
4,39,5,5,5,0,0,Pre
4,4,5,5,5,0,0,Pre
4,40,6,6,5,0,-1,Pre
4,41,5,5,5,0,0,Pre
4,42,4,1,3,-3,-1,Pre
4,43,5,3,5,-2,0,Pre
4,44,5,8,5,3,0,Pre
4,45,5,7,5,2,0,Pre
4,46,5,0,5,NA,0,Pre
4,47,5,3,5,-2,0,Pre
4,48,5,7,5,2,0,Pre
4,49,5,7,5,2,0,Pre
4,5,5,3,5,-2,0,Pre
4,50,5,0,5,NA,0,Pre
4,51,5,2,4,-3,-1,Pre
4,52,5,7,5,2,0,Pre
4,53,5,7,5,2,0,Pre
4,54,5,2,5,-3,0,Pre
4,55,5,8,5,3,0,Pre
4,56,5,5,5,0,0,Pre
4,57,5,8,5,3,0,Pre
4,58,5,0,6,NA,1,Pre
4,59,5,0,5,NA,0,Pre
4,6,4,4,4,0,0,Pre
4,60,6,3,5,-3,-1,Pre
4,61,5,2,5,-3,0,Pre
4,62,5,8,5,3,0,Pre
4,63,5,8,5,3,0,Pre
4,64,6,4,5,-2,-1,Pre
4,65,5,5,5,0,0,Pre
4,66,5,2,5,-3,0,Pre
4,67,5,8,5,3,0,Pre
4,68,5,0,4,NA,-1,Pre
4,69,6,6,5,0,-1,Pre
4,7,5,7,5,2,0,Pre
4,70,5,8,5,3,0,Pre
4,71,7,4,5,-3,-2,Pre
4,72,5,8,5,3,0,Pre
4,73,5,8,5,3,0,Pre
4,74,5,3,5,-2,0,Pre
4,75,6,8,5,2,-1,Pre
4,76,6,8,5,2,-1,Pre
4,77,5,3,5,-2,0,Pre
4,78,4,6,5,2,1,Pre
4,79,5,8,5,3,0,Pre
4,8,5,3,5,-2,0,Pre
4,80,5,0,5,NA,0,Pre
4,81,5,8,5,3,0,Pre
4,9,4,7,5,3,1,Pre
40,10,5,7,4,2,-1,Pre
40,11,4,6,2,2,-2,Pre
40,12,3,3,2,0,-1,Pre
40,13,2,5,1,3,-1,Pre
40,14,3,3,3,0,0,Pre
40,15,3,1,2,-2,-1,Pre
40,16,6,6,3,0,-3,Pre
40,17,5,8,5,3,0,Pre
40,18,5,7,6,2,1,Pre
40,19,6,3,5,-3,-1,Pre
40,2,6,0,3,NA,-3,Pre
40,20,7,4,7,-3,0,Pre
40,21,4,2,4,-2,0,Pre
40,22,4,1,1,-3,-3,Pre
40,23,4,2,4,-2,0,Pre
40,24,6,3,4,-3,-2,Pre
40,25,5,2,3,-3,-2,Pre
40,26,7,5,6,-2,-1,Pre
40,27,4,7,4,3,0,Pre
40,28,6,8,6,2,0,Pre
40,29,7,4,4,-3,-3,Pre
40,3,1,1,3,0,2,Pre
40,30,2,0,1,NA,-1,Pre
40,31,2,2,3,0,1,Pre
40,32,4,6,2,2,-2,Pre
40,33,4,7,5,3,1,Pre
40,34,5,7,3,2,-2,Pre
40,35,2,4,3,2,1,Pre
40,36,3,6,1,3,-2,Pre
40,37,6,3,7,-3,1,Pre
40,38,2,4,2,2,0,Pre
40,39,2,2,1,0,-1,Pre
40,4,4,0,4,NA,0,Pre
40,40,8,8,4,0,-4,Pre
40,41,4,2,5,-2,1,Pre
40,42,1,4,2,3,1,Pre
40,43,3,0,3,NA,0,Pre
40,44,4,4,3,0,-1,Pre
40,45,2,2,4,0,2,Pre
40,46,4,7,3,3,-1,Pre
40,47,5,3,5,-2,0,Pre
40,48,3,6,2,3,-1,Pre
40,49,4,0,3,NA,-1,Pre
40,5,5,2,3,-3,-2,Pre
40,50,4,6,2,2,-2,Pre
40,51,2,4,3,2,1,Pre
40,52,3,5,2,2,-1,Pre
40,53,3,3,1,0,-2,Pre
40,54,3,5,4,2,1,Pre
40,55,4,0,4,NA,0,Pre
40,56,6,6,5,0,-1,Pre
40,57,3,5,3,2,0,Pre
40,58,1,3,1,2,0,Pre
40,59,6,3,6,-3,0,Pre
40,6,1,0,1,NA,0,Pre
40,60,2,2,4,0,2,Pre
40,61,3,6,6,3,3,Pre
40,62,3,6,1,3,-2,Pre
40,63,6,6,6,0,0,Pre
40,64,3,5,4,2,1,Pre
40,65,3,1,5,-2,2,Pre
40,66,4,6,5,2,1,Pre
40,67,6,8,6,2,0,Pre
40,68,7,5,4,-2,-3,Pre
40,69,5,7,3,2,-2,Pre
40,7,2,0,2,NA,0,Pre
40,70,5,7,2,2,-3,Pre
40,71,6,4,2,-2,-4,Pre
40,72,5,7,3,2,-2,Pre
40,73,1,3,1,2,0,Pre
40,74,8,0,6,NA,-2,Pre
40,75,2,2,3,0,1,Pre
40,76,4,7,4,3,0,Pre
40,77,5,7,2,2,-3,Pre
40,78,1,3,1,2,0,Pre
40,79,7,5,6,-2,-1,Pre
40,8,1,1,4,0,3,Pre
40,80,4,0,2,NA,-2,Pre
40,81,5,8,2,3,-3,Pre
40,9,2,2,2,0,0,Pre
41,10,6,4,5,-2,-1,Pre
41,11,3,1,3,-2,0,Pre
41,12,2,2,3,0,1,Pre
41,13,1,0,1,NA,0,Pre
41,14,4,7,3,3,-1,Pre
41,15,2,2,2,0,0,Pre
41,16,3,3,2,0,-1,Pre
41,17,2,5,2,3,0,Pre
41,18,7,7,7,0,0,Pre
41,19,3,5,2,2,-1,Pre
41,2,4,6,5,2,1,Pre
41,20,5,7,5,2,0,Pre
41,21,5,8,2,3,-3,Pre
41,22,2,2,2,0,0,Pre
41,23,6,3,5,-3,-1,Pre
41,24,5,5,5,0,0,Pre
41,25,3,3,3,0,0,Pre
41,26,2,0,5,NA,3,Pre
41,27,2,0,2,NA,0,Pre
41,28,3,6,3,3,0,Pre
41,29,6,6,5,0,-1,Pre
41,3,5,0,5,NA,0,Pre
41,30,4,0,5,NA,1,Pre
41,31,5,5,5,0,0,Pre
41,32,6,3,3,-3,-3,Pre
41,33,2,4,3,2,1,Pre
41,34,5,0,5,NA,0,Pre
41,35,7,0,5,NA,-2,Pre
41,36,3,5,2,2,-1,Pre
41,37,4,2,5,-2,1,Pre
41,38,2,0,3,NA,1,Pre
41,39,2,5,2,3,0,Pre
41,4,4,4,4,0,0,Pre
41,40,5,3,4,-2,-1,Pre
41,41,3,1,2,-2,-1,Pre
41,42,2,4,3,2,1,Pre
41,43,6,8,5,2,-1,Pre
41,44,3,6,3,3,0,Pre
41,45,7,4,7,-3,0,Pre
41,46,4,2,4,-2,0,Pre
41,47,7,7,5,0,-2,Pre
41,48,3,3,3,0,0,Pre
41,49,2,4,2,2,0,Pre
41,5,4,4,2,0,-2,Pre
41,50,3,3,6,0,3,Pre
41,51,5,5,3,0,-2,Pre
41,52,3,3,3,0,0,Pre
41,53,3,6,3,3,0,Pre
41,54,1,3,1,2,0,Pre
41,55,4,1,4,-3,0,Pre
41,56,5,7,5,2,0,Pre
41,57,5,7,3,2,-2,Pre
41,58,3,1,3,-2,0,Pre
41,59,6,8,6,2,0,Pre
41,6,3,3,5,0,2,Pre
41,60,2,4,2,2,0,Pre
41,61,6,4,4,-2,-2,Pre
41,62,2,2,3,0,1,Pre
41,63,4,7,3,3,-1,Pre
41,64,6,6,5,0,-1,Pre
41,65,6,0,5,NA,-1,Pre
41,66,3,1,2,-2,-1,Pre
41,67,3,3,4,0,1,Pre
41,68,3,5,3,2,0,Pre
41,69,4,0,4,NA,0,Pre
41,7,5,5,2,0,-3,Pre
41,70,3,6,3,3,0,Pre
41,71,6,4,6,-2,0,Pre
41,72,5,3,5,-2,0,Pre
41,73,1,3,2,2,1,Pre
41,74,4,2,2,-2,-2,Pre
41,75,4,2,4,-2,0,Pre
41,76,2,5,4,3,2,Pre
41,77,2,5,2,3,0,Pre
41,78,2,2,3,0,1,Pre
41,79,7,5,6,-2,-1,Pre
41,8,3,5,2,2,-1,Pre
41,80,2,5,2,3,0,Pre
41,81,5,7,5,2,0,Pre
41,9,4,7,3,3,-1,Pre
42,10,6,4,5,-2,-1,Pre
42,11,6,8,7,2,1,Pre
42,12,3,6,4,3,1,Pre
42,13,3,3,3,0,0,Pre
42,14,2,4,2,2,0,Pre
42,15,2,4,3,2,1,Pre
42,16,3,5,3,2,0,Pre
42,17,4,1,4,-3,0,Pre
42,18,5,5,5,0,0,Pre
42,19,7,4,5,-3,-2,Pre
42,2,4,1,7,-3,3,Pre
42,20,6,3,6,-3,0,Pre
42,21,3,0,2,NA,-1,Pre
42,22,5,3,3,-2,-2,Pre
42,23,4,4,4,0,0,Pre
42,24,4,2,3,-2,-1,Pre
42,25,3,1,3,-2,0,Pre
42,26,6,4,5,-2,-1,Pre
42,27,5,2,4,-3,-1,Pre
42,28,4,2,7,-2,3,Pre
42,29,6,4,7,-2,1,Pre
42,3,4,2,3,-2,-1,Pre
42,30,5,5,4,0,-1,Pre
42,31,6,8,5,2,-1,Pre
42,32,5,5,5,0,0,Pre
42,33,4,2,3,-2,-1,Pre
42,34,4,2,5,-2,1,Pre
42,35,5,2,5,-3,0,Pre
42,36,3,5,4,2,1,Pre
42,37,7,5,8,-2,1,Pre
42,38,3,0,3,NA,0,Pre
42,39,4,7,3,3,-1,Pre
42,4,4,4,4,0,0,Pre
42,40,4,6,4,2,0,Pre
42,41,6,3,6,-3,0,Pre
42,42,3,6,3,3,0,Pre
42,43,3,0,4,NA,1,Pre
42,44,3,0,3,NA,0,Pre
42,45,5,0,6,NA,1,Pre
42,46,5,2,4,-3,-1,Pre
42,47,7,7,8,0,1,Pre
42,48,3,1,3,-2,0,Pre
42,49,3,5,3,2,0,Pre
42,5,5,5,5,0,0,Pre
42,50,3,6,3,3,0,Pre
42,51,4,0,3,NA,-1,Pre
42,52,3,3,3,0,0,Pre
42,53,5,7,6,2,1,Pre
42,54,5,0,5,NA,0,Pre
42,55,5,3,5,-2,0,Pre
42,56,8,8,8,0,0,Pre
42,57,4,6,4,2,0,Pre
42,58,4,4,3,0,-1,Pre
42,59,6,8,6,2,0,Pre
42,6,2,5,6,3,4,Pre
42,60,3,1,3,-2,0,Pre
42,61,3,6,4,3,1,Pre
42,62,3,6,3,3,0,Pre
42,63,5,5,6,0,1,Pre
42,64,6,8,7,2,1,Pre
42,65,5,7,3,2,-2,Pre
42,66,2,5,2,3,0,Pre
42,67,5,8,7,3,2,Pre
42,68,4,2,3,-2,-1,Pre
42,69,6,8,7,2,1,Pre
42,7,3,3,3,0,0,Pre
42,70,6,6,6,0,0,Pre
42,71,3,5,3,2,0,Pre
42,72,4,2,6,-2,2,Pre
42,73,2,0,2,NA,0,Pre
42,74,6,4,5,-2,-1,Pre
42,75,4,7,4,3,0,Pre
42,76,3,3,3,0,0,Pre
42,77,4,6,3,2,-1,Pre
42,78,2,0,2,NA,0,Pre
42,79,6,6,6,0,0,Pre
42,8,3,0,3,NA,0,Pre
42,80,2,2,3,0,1,Pre
42,81,3,6,3,3,0,Pre
42,9,3,3,5,0,2,Pre
43,10,6,0,4,NA,-2,Pre
43,11,7,0,6,NA,-1,Pre
43,12,6,3,5,-3,-1,Pre
43,13,5,3,2,-2,-3,Pre
43,14,1,4,1,3,0,Pre
43,15,5,7,6,2,1,Pre
43,16,3,1,2,-2,-1,Pre
43,17,3,3,5,0,2,Pre
43,18,6,6,5,0,-1,Pre
43,19,6,6,6,0,0,Pre
43,2,3,3,2,0,-1,Pre
43,20,6,8,7,2,1,Pre
43,21,4,6,3,2,-1,Pre
43,22,2,4,1,2,-1,Pre
43,23,6,6,6,0,0,Pre
43,24,4,6,6,2,2,Pre
43,25,6,4,1,-2,-5,Pre
43,26,7,5,7,-2,0,Pre
43,27,2,5,5,3,3,Pre
43,28,5,7,5,2,0,Pre
43,29,6,6,7,0,1,Pre
43,3,1,1,2,0,1,Pre
43,30,5,3,3,-2,-2,Pre
43,31,1,1,4,0,3,Pre
43,32,3,5,3,2,0,Pre
43,33,4,4,1,0,-3,Pre
43,34,3,0,1,NA,-2,Pre
43,35,7,5,7,-2,0,Pre
43,36,2,4,1,2,-1,Pre
43,37,7,4,7,-3,0,Pre
43,38,1,4,1,3,0,Pre
43,39,2,0,1,NA,-1,Pre
43,4,3,5,6,2,3,Pre
43,40,5,0,6,NA,1,Pre
43,41,8,6,7,-2,-1,Pre
43,42,2,2,1,0,-1,Pre
43,43,7,4,6,-3,-1,Pre
43,44,2,5,1,3,-1,Pre
43,45,6,4,4,-2,-2,Pre
43,46,6,6,6,0,0,Pre
43,47,8,5,8,-3,0,Pre
43,48,5,5,5,0,0,Pre
43,49,4,0,2,NA,-2,Pre
43,5,5,7,7,2,2,Pre
43,50,4,6,6,2,2,Pre
43,51,2,4,3,2,1,Pre
43,52,2,5,1,3,-1,Pre
43,53,6,8,6,2,0,Pre
43,54,2,5,4,3,2,Pre
43,55,6,8,5,2,-1,Pre
43,56,8,5,8,-3,0,Pre
43,57,3,5,3,2,0,Pre
43,58,1,4,1,3,0,Pre
43,59,8,5,7,-3,-1,Pre
43,6,1,3,1,2,0,Pre
43,60,2,4,1,2,-1,Pre
43,61,2,0,2,NA,0,Pre
43,62,3,3,1,0,-2,Pre
43,63,6,6,6,0,0,Pre
43,64,6,4,6,-2,0,Pre
43,65,4,1,2,-3,-2,Pre
43,66,3,1,2,-2,-1,Pre
43,67,7,7,7,0,0,Pre
43,68,5,3,2,-2,-3,Pre
43,69,5,8,6,3,1,Pre
43,7,3,1,2,-2,-1,Pre
43,70,5,5,5,0,0,Pre
43,71,5,0,5,NA,0,Pre
43,72,5,7,5,2,0,Pre
43,73,1,1,1,0,0,Pre
43,74,7,5,8,-2,1,Pre
43,75,5,0,5,NA,0,Pre
43,76,6,3,6,-3,0,Pre
43,77,5,2,6,-3,1,Pre
43,78,1,4,1,3,0,Pre
43,79,7,7,5,0,-2,Pre
43,8,2,2,2,0,0,Pre
43,80,4,1,4,-3,0,Pre
43,81,3,6,3,3,0,Pre
43,9,5,0,3,NA,-2,Pre
44,10,5,7,6,2,1,Pre
44,11,6,3,7,-3,1,Pre
44,12,3,5,2,2,-1,Pre
44,13,3,0,2,NA,-1,Pre
44,14,5,2,5,-3,0,Pre
44,15,3,6,5,3,2,Pre
44,16,6,8,7,2,1,Pre
44,17,3,0,2,NA,-1,Pre
44,18,3,3,5,0,2,Pre
44,19,1,1,1,0,0,Pre
44,2,2,4,3,2,1,Pre
44,20,6,8,6,2,0,Pre
44,21,2,5,3,3,1,Pre
44,22,2,4,2,2,0,Pre
44,23,5,0,7,NA,2,Pre
44,24,4,4,6,0,2,Pre
44,25,5,3,6,-2,1,Pre
44,26,3,5,6,2,3,Pre
44,27,2,0,2,NA,0,Pre
44,28,6,8,6,2,0,Pre
44,29,5,5,4,0,-1,Pre
44,3,3,6,5,3,2,Pre
44,30,4,1,2,-3,-2,Pre
44,31,3,6,3,3,0,Pre
44,32,2,4,3,2,1,Pre
44,33,5,0,3,NA,-2,Pre
44,34,6,8,7,2,1,Pre
44,35,3,3,6,0,3,Pre
44,36,2,5,3,3,1,Pre
44,37,3,1,7,-2,4,Pre
44,38,3,6,3,3,0,Pre
44,39,6,4,4,-2,-2,Pre
44,4,2,2,6,0,4,Pre
44,40,4,7,3,3,-1,Pre
44,41,4,0,5,NA,1,Pre
44,42,2,4,1,2,-1,Pre
44,43,5,7,6,2,1,Pre
44,44,4,1,2,-3,-2,Pre
44,45,2,5,5,3,3,Pre
44,46,4,2,2,-2,-2,Pre
44,47,7,7,8,0,1,Pre
44,48,2,5,1,3,-1,Pre
44,49,5,3,3,-2,-2,Pre
44,5,4,1,2,-3,-2,Pre
44,50,5,8,7,3,2,Pre
44,51,3,3,6,0,3,Pre
44,52,5,8,7,3,2,Pre
44,53,3,6,4,3,1,Pre
44,54,5,7,3,2,-2,Pre
44,55,4,0,2,NA,-2,Pre
44,56,5,8,7,3,2,Pre
44,57,4,4,2,0,-2,Pre
44,58,2,2,2,0,0,Pre
44,59,5,5,6,0,1,Pre
44,6,2,5,1,3,-1,Pre
44,60,3,3,1,0,-2,Pre
44,61,3,1,3,-2,0,Pre
44,62,2,0,2,NA,0,Pre
44,63,5,7,7,2,2,Pre
44,64,3,0,3,NA,0,Pre
44,65,4,2,7,-2,3,Pre
44,66,3,6,3,3,0,Pre
44,67,6,3,6,-3,0,Pre
44,68,3,6,3,3,0,Pre
44,69,4,2,6,-2,2,Pre
44,7,6,3,5,-3,-1,Pre
44,70,4,2,2,-2,-2,Pre
44,71,5,7,6,2,1,Pre
44,72,6,8,6,2,0,Pre
44,73,4,7,3,3,-1,Pre
44,74,2,5,2,3,0,Pre
44,75,4,2,3,-2,-1,Pre
44,76,5,8,4,3,-1,Pre
44,77,3,6,2,3,-1,Pre
44,78,3,3,3,0,0,Pre
44,79,5,0,4,NA,-1,Pre
44,8,4,6,3,2,-1,Pre
44,80,2,2,2,0,0,Pre
44,81,2,4,2,2,0,Pre
44,9,6,6,7,0,1,Pre
45,10,7,7,6,0,-1,Pre
45,11,8,5,6,-3,-2,Pre
45,12,6,6,6,0,0,Pre
45,13,5,5,3,0,-2,Pre
45,14,6,0,6,NA,0,Pre
45,15,6,4,6,-2,0,Pre
45,16,6,8,6,2,0,Pre
45,17,7,7,6,0,-1,Pre
45,18,7,0,6,NA,-1,Pre
45,19,6,3,5,-3,-1,Pre
45,2,5,5,6,0,1,Pre
45,20,8,8,6,0,-2,Pre
45,21,5,3,4,-2,-1,Pre
45,22,4,4,5,0,1,Pre
45,23,6,8,4,2,-2,Pre
45,24,6,3,7,-3,1,Pre
45,25,6,6,4,0,-2,Pre
45,26,8,6,6,-2,-2,Pre
45,27,6,4,6,-2,0,Pre
45,28,7,7,7,0,0,Pre
45,29,8,6,7,-2,-1,Pre
45,3,5,7,6,2,1,Pre
45,30,6,6,7,0,1,Pre
45,31,5,7,6,2,1,Pre
45,32,7,7,6,0,-1,Pre
45,33,7,7,6,0,-1,Pre
45,34,6,8,6,2,0,Pre
45,35,7,7,6,0,-1,Pre
45,36,5,2,5,-3,0,Pre
45,37,7,5,6,-2,-1,Pre
45,38,4,2,6,-2,2,Pre
45,39,5,3,6,-2,1,Pre
45,4,7,7,6,0,-1,Pre
45,40,7,0,5,NA,-2,Pre
45,41,6,8,5,2,-1,Pre
45,42,5,5,4,0,-1,Pre
45,43,8,5,6,-3,-2,Pre
45,44,6,4,5,-2,-1,Pre
45,45,7,4,7,-3,0,Pre
45,46,7,5,6,-2,-1,Pre
45,47,8,5,7,-3,-1,Pre
45,48,4,0,5,NA,1,Pre
45,49,6,8,6,2,0,Pre
45,5,8,8,6,0,-2,Pre
45,50,6,8,6,2,0,Pre
45,51,6,0,6,NA,0,Pre
45,52,6,3,6,-3,0,Pre
45,53,7,7,7,0,0,Pre
45,54,5,5,6,0,1,Pre
45,55,7,4,6,-3,-1,Pre
45,56,8,8,7,0,-1,Pre
45,57,6,6,4,0,-2,Pre
45,58,4,6,3,2,-1,Pre
45,59,7,5,6,-2,-1,Pre
45,6,5,0,4,NA,-1,Pre
45,60,6,3,5,-3,-1,Pre
45,61,5,3,5,-2,0,Pre
45,62,5,2,4,-3,-1,Pre
45,63,8,5,6,-3,-2,Pre
45,64,7,5,6,-2,-1,Pre
45,65,6,3,6,-3,0,Pre
45,66,5,3,5,-2,0,Pre
45,67,7,5,6,-2,-1,Pre
45,68,7,0,5,NA,-2,Pre
45,69,6,4,6,-2,0,Pre
45,7,6,8,5,2,-1,Pre
45,70,6,6,5,0,-1,Pre
45,71,7,5,6,-2,-1,Pre
45,72,6,8,6,2,0,Pre
45,73,3,5,5,2,2,Pre
45,74,6,0,7,NA,1,Pre
45,75,7,4,6,-3,-1,Pre
45,76,6,4,6,-2,0,Pre
45,77,7,7,6,0,-1,Pre
45,78,6,4,4,-2,-2,Pre
45,79,8,0,6,NA,-2,Pre
45,8,5,8,4,3,-1,Pre
45,80,6,8,6,2,0,Pre
45,81,5,0,5,NA,0,Pre
45,9,7,5,4,-2,-3,Pre
5,10,6,6,6,0,0,Pre
5,11,8,8,7,0,-1,Pre
5,12,5,3,4,-2,-1,Pre
5,13,3,5,2,2,-1,Pre
5,14,5,2,5,-3,0,Pre
5,15,5,2,7,-3,2,Pre
5,16,5,0,4,NA,-1,Pre
5,17,5,0,6,NA,1,Pre
5,18,7,7,7,0,0,Pre
5,19,7,7,8,0,1,Pre
5,2,6,0,5,NA,-1,Pre
5,20,5,7,5,2,0,Pre
5,21,5,8,8,3,3,Pre
5,22,6,8,8,2,2,Pre
5,23,7,5,7,-2,0,Pre
5,24,6,6,6,0,0,Pre
5,25,3,3,4,0,1,Pre
5,26,8,8,8,0,0,Pre
5,27,7,7,7,0,0,Pre
5,28,7,0,8,NA,1,Pre
5,29,7,4,7,-3,0,Pre
5,3,3,3,4,0,1,Pre
5,30,7,4,7,-3,0,Pre
5,31,5,7,7,2,2,Pre
5,32,6,4,6,-2,0,Pre
5,33,7,7,5,0,-2,Pre
5,34,8,6,8,-2,0,Pre
5,35,6,4,6,-2,0,Pre
5,36,5,2,5,-3,0,Pre
5,37,7,5,8,-2,1,Pre
5,38,2,5,2,3,0,Pre
5,39,4,2,4,-2,0,Pre
5,4,7,7,8,0,1,Pre
5,40,7,7,7,0,0,Pre
5,41,5,3,5,-2,0,Pre
5,42,6,3,6,-3,0,Pre
5,43,6,6,6,0,0,Pre
5,44,4,0,4,NA,0,Pre
5,45,8,8,7,0,-1,Pre
5,46,5,8,6,3,1,Pre
5,47,8,5,8,-3,0,Pre
5,48,8,8,8,0,0,Pre
5,49,7,4,7,-3,0,Pre
5,5,6,8,7,2,1,Pre
5,50,4,2,4,-2,0,Pre
5,51,8,5,7,-3,-1,Pre
5,52,5,7,6,2,1,Pre
5,53,5,0,5,NA,0,Pre
5,54,6,8,7,2,1,Pre
5,55,6,3,7,-3,1,Pre
5,56,8,8,8,0,0,Pre
5,57,7,4,7,-3,0,Pre
5,58,4,7,5,3,1,Pre
5,59,8,8,5,0,-3,Pre
5,6,5,7,4,2,-1,Pre
5,60,5,0,5,NA,0,Pre
5,61,6,4,4,-2,-2,Pre
5,62,3,5,2,2,-1,Pre
5,63,8,8,8,0,0,Pre
5,64,7,7,7,0,0,Pre
5,65,8,0,8,NA,0,Pre
5,66,1,1,2,0,1,Pre
5,67,7,7,8,0,1,Pre
5,68,3,6,6,3,3,Pre
5,69,7,7,8,0,1,Pre
5,7,6,0,6,NA,0,Pre
5,70,6,8,5,2,-1,Pre
5,71,5,5,6,0,1,Pre
5,72,7,4,6,-3,-1,Pre
5,73,2,2,2,0,0,Pre
5,74,6,3,4,-3,-2,Pre
5,75,5,2,6,-3,1,Pre
5,76,6,6,5,0,-1,Pre
5,77,7,7,7,0,0,Pre
5,78,3,1,2,-2,-1,Pre
5,79,7,5,7,-2,0,Pre
5,8,3,6,7,3,4,Pre
5,80,4,0,5,NA,1,Pre
5,81,6,3,3,-3,-3,Pre
5,9,5,3,6,-2,1,Pre
6,10,8,8,8,0,0,Pre
6,11,7,4,6,-3,-1,Pre
6,12,2,4,3,2,1,Pre
6,13,2,2,2,0,0,Pre
6,14,3,6,2,3,-1,Pre
6,15,2,0,2,NA,0,Pre
6,16,3,1,2,-2,-1,Pre
6,17,8,8,8,0,0,Pre
6,18,8,8,8,0,0,Pre
6,19,8,6,8,-2,0,Pre
6,2,3,1,3,-2,0,Pre
6,20,4,0,4,NA,0,Pre
6,21,4,6,3,2,-1,Pre
6,22,2,2,2,0,0,Pre
6,23,5,3,6,-2,1,Pre
6,24,7,7,4,0,-3,Pre
6,25,2,2,2,0,0,Pre
6,26,8,6,7,-2,-1,Pre
6,27,8,0,8,NA,0,Pre
6,28,7,5,4,-2,-3,Pre
6,29,7,7,6,0,-1,Pre
6,3,3,1,1,-2,-2,Pre
6,30,8,8,5,0,-3,Pre
6,31,6,6,6,0,0,Pre
6,32,7,4,5,-3,-2,Pre
6,33,7,4,4,-3,-3,Pre
6,34,3,5,3,2,0,Pre
6,35,5,3,6,-2,1,Pre
6,36,2,4,2,2,0,Pre
6,37,8,0,6,NA,-2,Pre
6,38,2,4,2,2,0,Pre
6,39,2,0,2,NA,0,Pre
6,4,3,3,5,0,2,Pre
6,40,5,2,4,-3,-1,Pre
6,41,6,8,5,2,-1,Pre
6,42,2,4,2,2,0,Pre
6,43,7,5,4,-2,-3,Pre
6,44,3,1,2,-2,-1,Pre
6,45,7,5,6,-2,-1,Pre
6,46,4,7,3,3,-1,Pre
6,47,6,6,6,0,0,Pre
6,48,2,2,3,0,1,Pre
6,49,6,4,3,-2,-3,Pre
6,5,8,8,8,0,0,Pre
6,50,5,0,4,NA,-1,Pre
6,51,5,8,2,3,-3,Pre
6,52,3,5,3,2,0,Pre
6,53,7,7,4,0,-3,Pre
6,54,3,1,3,-2,0,Pre
6,55,8,8,8,0,0,Pre
6,56,7,7,7,0,0,Pre
6,57,4,7,5,3,1,Pre
6,58,4,7,5,3,1,Pre
6,59,8,5,8,-3,0,Pre
6,6,4,6,3,2,-1,Pre
6,60,3,1,3,-2,0,Pre
6,61,4,7,2,3,-2,Pre
6,62,2,4,4,2,2,Pre
6,63,3,5,2,2,-1,Pre
6,64,4,7,3,3,-1,Pre
6,65,7,7,1,0,-6,Pre
6,66,2,4,2,2,0,Pre
6,67,3,3,2,0,-1,Pre
6,68,7,7,6,0,-1,Pre
6,69,5,8,3,3,-2,Pre
6,7,6,6,7,0,1,Pre
6,70,6,0,6,NA,0,Pre
6,71,8,5,6,-3,-2,Pre
6,72,4,4,5,0,1,Pre
6,73,2,0,2,NA,0,Pre
6,74,4,4,2,0,-2,Pre
6,75,4,2,4,-2,0,Pre
6,76,7,7,6,0,-1,Pre
6,77,5,2,3,-3,-2,Pre
6,78,2,0,2,NA,0,Pre
6,79,7,7,6,0,-1,Pre
6,8,5,3,4,-2,-1,Pre
6,80,4,1,3,-3,-1,Pre
6,81,3,0,4,NA,1,Pre
6,9,2,5,2,3,0,Pre
7,10,7,4,7,-3,0,Pre
7,11,7,5,6,-2,-1,Pre
7,12,2,2,3,0,1,Pre
7,13,3,6,2,3,-1,Pre
7,14,3,6,4,3,1,Pre
7,15,3,3,4,0,1,Pre
7,16,3,6,4,3,1,Pre
7,17,2,0,2,NA,0,Pre
7,18,1,0,3,NA,2,Pre
7,19,5,3,4,-2,-1,Pre
7,2,4,1,7,-3,3,Pre
7,20,6,8,3,2,-3,Pre
7,21,3,6,4,3,1,Pre
7,22,5,2,3,-3,-2,Pre
7,23,7,7,7,0,0,Pre
7,24,2,2,4,0,2,Pre
7,25,3,1,6,-2,3,Pre
7,26,8,8,6,0,-2,Pre
7,27,3,5,3,2,0,Pre
7,28,4,0,5,NA,1,Pre
7,29,7,0,6,NA,-1,Pre
7,3,6,3,6,-3,0,Pre
7,30,3,5,3,2,0,Pre
7,31,4,4,3,0,-1,Pre
7,32,5,3,2,-2,-3,Pre
7,33,5,8,3,3,-2,Pre
7,34,3,6,2,3,-1,Pre
7,35,6,4,4,-2,-2,Pre
7,36,3,6,2,3,-1,Pre
7,37,6,0,6,NA,0,Pre
7,38,1,0,2,NA,1,Pre
7,39,5,8,8,3,3,Pre
7,4,6,3,6,-3,0,Pre
7,40,5,2,2,-3,-3,Pre
7,41,3,3,5,0,2,Pre
7,42,4,6,3,2,-1,Pre
7,43,3,3,3,0,0,Pre
7,44,2,2,4,0,2,Pre
7,45,7,7,7,0,0,Pre
7,46,3,3,4,0,1,Pre
7,47,4,7,5,3,1,Pre
7,48,2,5,6,3,4,Pre
7,49,5,5,2,0,-3,Pre
7,5,5,5,4,0,-1,Pre
7,50,7,4,4,-3,-3,Pre
7,51,3,1,4,-2,1,Pre
7,52,4,7,4,3,0,Pre
7,53,2,4,6,2,4,Pre
7,54,4,6,5,2,1,Pre
7,55,6,4,3,-2,-3,Pre
7,56,8,6,8,-2,0,Pre
7,57,4,6,3,2,-1,Pre
7,58,5,5,3,0,-2,Pre
7,59,5,3,2,-2,-3,Pre
7,6,2,0,2,NA,0,Pre
7,60,2,5,3,3,1,Pre
7,61,4,4,4,0,0,Pre
7,62,1,1,2,0,1,Pre
7,63,7,7,7,0,0,Pre
7,64,5,8,5,3,0,Pre
7,65,4,0,4,NA,0,Pre
7,66,4,6,4,2,0,Pre
7,67,6,8,6,2,0,Pre
7,68,2,0,2,NA,0,Pre
7,69,8,5,7,-3,-1,Pre
7,7,1,3,2,2,1,Pre
7,70,2,2,4,0,2,Pre
7,71,5,8,7,3,2,Pre
7,72,7,5,4,-2,-3,Pre
7,73,2,0,1,NA,-1,Pre
7,74,3,1,3,-2,0,Pre
7,75,3,5,5,2,2,Pre
7,76,5,5,4,0,-1,Pre
7,77,5,5,3,0,-2,Pre
7,78,1,1,1,0,0,Pre
7,79,7,5,7,-2,0,Pre
7,8,7,5,6,-2,-1,Pre
7,80,1,1,2,0,1,Pre
7,81,4,7,4,3,0,Pre
7,9,4,2,3,-2,-1,Pre
8,10,8,8,8,0,0,Pre
8,11,6,3,5,-3,-1,Pre
8,12,6,3,5,-3,-1,Pre
8,13,2,2,2,0,0,Pre
8,14,7,4,5,-3,-2,Pre
8,15,6,8,6,2,0,Pre
8,16,5,5,3,0,-2,Pre
8,17,3,3,6,0,3,Pre
8,18,5,7,6,2,1,Pre
8,19,8,8,4,0,-4,Pre
8,2,8,8,8,0,0,Pre
8,20,8,5,7,-3,-1,Pre
8,21,7,7,2,0,-5,Pre
8,22,3,6,2,3,-1,Pre
8,23,8,6,7,-2,-1,Pre
8,24,5,3,6,-2,1,Pre
8,25,5,2,6,-3,1,Pre
8,26,8,8,6,0,-2,Pre
8,27,3,0,5,NA,2,Pre
8,28,6,0,6,NA,0,Pre
8,29,4,1,7,-3,3,Pre
8,3,6,3,7,-3,1,Pre
8,30,6,3,6,-3,0,Pre
8,31,5,7,3,2,-2,Pre
8,32,2,4,1,2,-1,Pre
8,33,6,8,4,2,-2,Pre
8,34,7,0,5,NA,-2,Pre
8,35,6,3,3,-3,-3,Pre
8,36,2,5,4,3,2,Pre
8,37,5,7,6,2,1,Pre
8,38,2,2,5,0,3,Pre
8,39,5,8,3,3,-2,Pre
8,4,7,4,6,-3,-1,Pre
8,40,6,8,6,2,0,Pre
8,41,2,4,2,2,0,Pre
8,42,3,1,2,-2,-1,Pre
8,43,5,0,3,NA,-2,Pre
8,44,5,3,2,-2,-3,Pre
8,45,8,6,7,-2,-1,Pre
8,46,4,6,3,2,-1,Pre
8,47,8,6,7,-2,-1,Pre
8,48,6,8,7,2,1,Pre
8,49,2,4,3,2,1,Pre
8,5,7,4,5,-3,-2,Pre
8,50,6,8,8,2,2,Pre
8,51,5,7,5,2,0,Pre
8,52,4,1,2,-3,-2,Pre
8,53,7,7,7,0,0,Pre
8,54,8,8,8,0,0,Pre
8,55,5,2,2,-3,-3,Pre
8,56,8,0,8,NA,0,Pre
8,57,3,6,6,3,3,Pre
8,58,2,5,2,3,0,Pre
8,59,4,7,4,3,0,Pre
8,6,2,2,5,0,3,Pre
8,60,6,0,4,NA,-2,Pre
8,61,1,1,2,0,1,Pre
8,62,3,6,4,3,1,Pre
8,63,7,0,6,NA,-1,Pre
8,64,6,6,7,0,1,Pre
8,65,6,8,5,2,-1,Pre
8,66,4,0,6,NA,2,Pre
8,67,8,8,8,0,0,Pre
8,68,4,4,6,0,2,Pre
8,69,6,8,7,2,1,Pre
8,7,6,3,3,-3,-3,Pre
8,70,3,0,4,NA,1,Pre
8,71,8,6,7,-2,-1,Pre
8,72,4,4,2,0,-2,Pre
8,73,2,2,1,0,-1,Pre
8,74,4,1,6,-3,2,Pre
8,75,6,4,6,-2,0,Pre
8,76,5,2,6,-3,1,Pre
8,77,5,0,5,NA,0,Pre
8,78,1,3,1,2,0,Pre
8,79,6,4,7,-2,1,Pre
8,8,7,5,5,-2,-2,Pre
8,80,3,6,2,3,-1,Pre
8,81,4,6,4,2,0,Pre
8,9,7,7,8,0,1,Pre
9,10,2,2,2,0,0,Pre
9,11,4,1,4,-3,0,Pre
9,12,3,3,2,0,-1,Pre
9,13,3,3,2,0,-1,Pre
9,14,2,5,3,3,1,Pre
9,15,4,2,2,-2,-2,Pre
9,16,3,3,3,0,0,Pre
9,17,3,6,4,3,1,Pre
9,18,4,4,4,0,0,Pre
9,19,2,5,4,3,2,Pre
9,2,4,4,3,0,-1,Pre
9,20,5,2,3,-3,-2,Pre
9,21,2,0,2,NA,0,Pre
9,22,3,3,3,0,0,Pre
9,23,4,1,3,-3,-1,Pre
9,24,3,3,6,0,3,Pre
9,25,1,3,3,2,2,Pre
9,26,7,5,6,-2,-1,Pre
9,27,4,4,5,0,1,Pre
9,28,3,6,5,3,2,Pre
9,29,4,7,4,3,0,Pre
9,3,2,0,3,NA,1,Pre
9,30,4,2,4,-2,0,Pre
9,31,3,5,3,2,0,Pre
9,32,4,6,3,2,-1,Pre
9,33,5,0,6,NA,1,Pre
9,34,3,3,5,0,2,Pre
9,35,7,7,8,0,1,Pre
9,36,4,6,4,2,0,Pre
9,37,6,3,8,-3,2,Pre
9,38,4,7,4,3,0,Pre
9,39,5,2,4,-3,-1,Pre
9,4,2,2,2,0,0,Pre
9,40,2,0,2,NA,0,Pre
9,41,1,4,4,3,3,Pre
9,42,2,5,1,3,-1,Pre
9,43,5,7,5,2,0,Pre
9,44,3,1,3,-2,0,Pre
9,45,6,4,6,-2,0,Pre
9,46,3,1,3,-2,0,Pre
9,47,6,3,6,-3,0,Pre
9,48,2,4,3,2,1,Pre
9,49,3,5,5,2,2,Pre
9,5,3,1,3,-2,0,Pre
9,50,3,1,3,-2,0,Pre
9,51,3,5,2,2,-1,Pre
9,52,4,2,3,-2,-1,Pre
9,53,4,1,4,-3,0,Pre
9,54,5,2,3,-3,-2,Pre
9,55,2,0,5,NA,3,Pre
9,56,5,5,6,0,1,Pre
9,57,2,2,3,0,1,Pre
9,58,3,5,2,2,-1,Pre
9,59,3,6,5,3,2,Pre
9,6,3,5,2,2,-1,Pre
9,60,3,5,3,2,0,Pre
9,61,2,5,5,3,3,Pre
9,62,6,0,2,NA,-4,Pre
9,63,4,0,4,NA,0,Pre
9,64,5,8,4,3,-1,Pre
9,65,7,0,5,NA,-2,Pre
9,66,5,5,5,0,0,Pre
9,67,8,5,7,-3,-1,Pre
9,68,3,1,2,-2,-1,Pre
9,69,2,5,4,3,2,Pre
9,7,6,4,6,-2,0,Pre
9,70,7,4,6,-3,-1,Pre
9,71,5,7,7,2,2,Pre
9,72,5,8,7,3,2,Pre
9,73,1,1,2,0,1,Pre
9,74,6,4,6,-2,0,Pre
9,75,3,0,3,NA,0,Pre
9,76,5,5,5,0,0,Pre
9,77,2,4,4,2,2,Pre
9,78,1,0,1,NA,0,Pre
9,79,4,7,3,3,-1,Pre
9,8,3,5,3,2,0,Pre
9,80,3,6,3,3,0,Pre
9,81,6,8,4,2,-2,Pre
9,9,2,2,3,0,1,Pre